统计日期,平台,子平台,产品名称,销售数量,Unnamed: 5,销售金额
2026-08-10,京东,京东POP,72℃屋型鲜牛乳(950ml*12盒),78.0,,4231.5
2026-08-10,京东,京东POP,优选鲜牛乳240ml*20,1588.0,,49926.72
2026-08-10,京东,京东POP,优选瓶装鲜牛乳(450ml*12瓶),6.0,,185.58
2026-08-10,京东,京东POP,全脂桶（1*6）,36.0,,1859.76
2026-08-10,京东,京东POP,轻能利乐冠—黄桃+大麦250g,104.0,,5836.48
2026-08-10,京东,京东POP,三元166风味发酵乳182g*30,36.0,,2360.52
2026-08-10,京东,京东POP,72℃鲜牛乳（瓶）900mL,3.0,,87.99
2026-08-10,京东,京东POP,三元乐活（瓶）200mL*20,95.0,,2931.7
2026-08-10,京东,京东POP,三元乐活950mL*12,56.0,,3190.88
2026-08-10,京东,京东POP,三元晚安奶250mL*20,15.0,,1183.2
2026-08-10,京东,京东POP,极致A2鲜奶240*20,137.0,,4379.89
2026-08-10,京东,京东POP,极致A2鲜奶900*6,41.0,,1206.63
2026-08-10,京东,京东POP,极致有机鲜牛奶 900ML,63.0,,2090.97
2026-08-10,京东,京东POP,极致有机鲜牛奶240ML,142.0,,4913.2
2026-08-10,京东,京东POP,三元真的好巧200mL*20,197.0,,16132.33
2026-08-10,京东,京东POP,三元真的好巧450mL*12,24.0,,2488.32
2026-08-10,京东,京东POP,三元芋你鲜活200mL*20,10.0,,338.6
2026-08-10,京东,京东POP,三元芋你鲜活450mL*12,5.0,,193.1
2026-08-10,京东,京东POP,三元青提芝士杯酸130g*24,12.0,,675.24
2026-08-10,京东,京东POP,冰箱贴套装,36.0,,0.0
2026-08-10,京东,京东POP,北京酸奶原味瓶200g*24,4.0,,227.4
2026-08-10,京东,京东POP,北京酸奶原味杯130g*24,47.0,,1994.68
2026-08-10,京东,京东POP,北京酸奶草莓杯130g*24,3.0,,154.68
2026-08-10,京东,京东POP,北京酸奶酸木瓜杯130g*24,3.0,,160.86
2026-08-10,京东,京东POP,北京酸奶青柠杯130g*24,3.0,,162.72
2026-08-10,京东,京东POP,北京酸奶草莓瓶200g*24,29.0,,2160.5
2026-08-10,京东,京东POP,北京酸奶酸木瓜瓶200g*24,12.0,,910.68
2026-08-10,京东,京东POP,北京酸奶青柠瓶200g*24,6.0,,440.04
2026-08-10,京东,京东POP,大大果块桑葚+蓝莓260g*12,6.0,,172.08
2026-08-10,京东,京东POP,大果块草莓+黄桃260g*12,6.0,,169.68
2026-08-10,京东,京东POP,大果块黄桃+芒果260g*12,6.0,,167.76
2026-08-10,京东,京东POP,天然桶装酸牛奶1kg,14.0,,693.28
2026-08-10,京东,京东POP,安德鲁蜂蜜,22.0,,0.0
2026-08-10,京东,京东POP,简卡原味袋五连包150g*5*10,12.0,,624.36
2026-08-10,京东,京东POP,老北京杯装酸牛奶(139g*24),44.0,,1392.6
2026-08-10,京东,京东POP,雪凝茯苓杯装酸奶150g*4*14,30.0,,1521.0
2026-08-10,京东,京东自营,72℃屋型鲜牛乳(950ml*12盒),672.0,,36456.0
2026-08-10,京东,京东自营,72℃鲜牛乳（瓶）900mL,492.0,,14430.36
2026-08-10,京东,京东自营,三元乐活(瓶)450mL*12,48.0,,1645.92
2026-08-10,京东,京东自营,三元乐活950mL*12,96.0,,5470.08
2026-08-10,京东,京东自营,三元乐活瓶装高温杀菌乳450mL*6,4.0,,73.96
2026-08-10,京东,京东自营,三元乐活（瓶）200mL*20,1000.0,,30860.0
2026-08-10,京东,京东自营,三元晚安奶250mL*20,40.0,,3155.2
2026-08-10,京东,京东自营,三元纯牛奶180mL*12,1440.0,,19065.6
2026-08-10,京东,京东自营,三元老北京酸牛奶（139g*8*4）,60.0,,3034.8
2026-08-10,京东,京东自营,优选鲜牛乳240ml*20,1880.0,,59107.2
2026-08-10,京东,京东自营,全脂桶（1*6）,360.0,,18597.6
2026-08-10,京东,京东自营,北京酸奶原味杯130g*24,312.0,,13241.28
2026-08-10,京东,京东自营,北京酸奶草莓杯130g*24,96.0,,4949.76
2026-08-10,京东,京东自营,北京酸奶酸木瓜杯130g*24,72.0,,3860.64
2026-08-10,京东,京东自营,北京酸奶青柠杯130g*24,72.0,,3905.28
2026-08-10,京东,京东自营,小康（1*12）,240.0,,4046.4
2026-08-10,京东,京东自营,极致A2鲜奶240*20,420.0,,13427.4
2026-08-10,京东,京东自营,极致A2鲜奶900*6,72.0,,2118.96
2026-08-10,京东,京东自营,极致有机鲜牛奶 900ML,120.0,,3982.8
2026-08-10,京东,京东自营,极致有机鲜牛奶240ML,180.0,,6228.0
2026-08-10,京东,京东自营,脱脂桶（1*6）,120.0,,6206.4
2026-08-10,京东,京东自营,袋装天然酸奶(180g*60),1200.0,,62688.0
2026-08-10,京东,京东自营,雪凝原味盒酸800g*12,24.0,,2063.76
2026-08-10,京东,京东自营,雪凝奶皮子酸奶原味800g*12,36.0,,3108.96
2026-08-10,天猫,猫旗,72℃屋型鲜牛乳(950ml*12盒),28.0,,1519.0
2026-08-10,天猫,猫旗,优选鲜牛乳240ml*20,2025.0,,63666.0
2026-08-10,天猫,猫旗,优选瓶装鲜牛乳(450ml*12瓶),33.0,,1020.69
2026-08-10,天猫,猫旗,全脂桶（1*6）,152.0,,7852.32
2026-08-10,天猫,猫旗,72℃鲜牛乳（瓶）900mL,89.0,,2610.37
2026-08-10,天猫,猫旗,三元乐活（瓶）200mL*20,1199.0,,37001.14
2026-08-10,天猫,猫旗,三元乐活(瓶)450mL*12,32.0,,1097.28
2026-08-10,天猫,猫旗,三元乐活950mL*12,308.0,,17549.84
2026-08-10,天猫,猫旗,三元晚安奶250mL*20,8.0,,631.04
2026-08-10,天猫,猫旗,极致A2鲜奶240*20,105.0,,3356.85
2026-08-10,天猫,猫旗,极致A2鲜奶900*6,10.0,,294.3
2026-08-10,天猫,猫旗,极致有机鲜牛奶 900ML,51.0,,1692.69
2026-08-10,天猫,猫旗,极致有机鲜牛奶240ML,168.0,,5812.8
2026-08-10,天猫,猫旗,三元真的好巧200mL*20,404.0,,33083.56
2026-08-10,天猫,猫旗,三元真的好巧450mL*12,45.0,,4665.6
2026-08-10,天猫,猫旗,三元芋你鲜活450mL*12,4.0,,154.48
2026-08-10,天猫,猫旗,三元草莓黑米杯酸130g*24,28.0,,1473.64
2026-08-10,天猫,猫旗,三元青提芝士杯酸130g*24,40.0,,2250.8
2026-08-10,天猫,猫旗,北京酸奶原味瓶200g*24,216.0,,12279.6
2026-08-10,天猫,猫旗,北京酸奶原味杯130g*24,1862.0,,79023.28
2026-08-10,天猫,猫旗,北京酸奶草莓杯130g*24,20.0,,1031.2
2026-08-10,天猫,猫旗,北京酸奶酸木瓜杯130g*24,12.0,,643.44
2026-08-10,天猫,猫旗,北京酸奶青柠杯130g*24,45.0,,2440.8
2026-08-10,天猫,猫旗,北京酸奶草莓瓶200g*24,54.0,,4023.0
2026-08-10,天猫,猫旗,北京酸奶酸木瓜瓶200g*24,48.0,,3642.72
2026-08-10,天猫,猫旗,北京酸奶青柠瓶200g*24,44.0,,3226.96
2026-08-10,天猫,猫旗,大果块草莓+桑葚260g*12,4.0,,117.88
2026-08-10,天猫,猫旗,大果块黄桃+芒果260g*12,4.0,,111.84
2026-08-10,天猫,猫旗,天然桶装酸牛奶1kg,13.0,,643.76
2026-08-10,天猫,猫旗,安德鲁蜂蜜,81.0,,0.0
2026-08-10,天猫,猫旗,极致72℃A2鲜奶900mL*6,2.0,,63.6
2026-08-10,天猫,猫旗,海报,71.0,,0.0
2026-08-10,天猫,猫旗,简卡原味袋五连包150g*5*10,4.0,,208.12
2026-08-10,天猫,猫旗,老北京杯装酸牛奶(139g*24),174.0,,5507.1
2026-08-10,天猫,猫旗,芭芭农场DM单,282.0,,0.0
2026-08-10,天猫,猫旗,雪凝原味盒酸800g*12,4.0,,343.96
2026-08-10,天猫,猫旗,雪凝奶皮子酸奶原味800g*12,26.0,,2245.36
2026-08-10,天猫,猫旗,雪凝炭烧奶皮子杯酸130g*24,33.0,,1024.98
2026-08-10,天猫,猫旗,雪凝炭烧奶皮子酸奶盒装800g*12,24.0,,2263.68
2026-08-10,天猫,猫旗,雪凝茯苓杯装酸奶150g*4*14,75.0,,3802.5
2026-08-10,天猫,猫超,72℃屋型鲜牛乳(950ml*12盒),24.0,,1302.0
2026-08-10,天猫,猫超,优选鲜牛乳240ml*20,132.0,,4150.08
2026-08-10,天猫,猫超,优选瓶装鲜牛乳(450ml*12瓶),4.0,,123.72
2026-08-10,天猫,猫超,全脂桶（1*6）,24.0,,1239.84
2026-08-10,天猫,猫超,轻能利乐冠—蓝莓+大麦250g,40.0,,2314.0
2026-08-10,天猫,猫超,轻能利乐冠—黄桃+大麦250g,216.0,,12121.92
2026-08-10,天猫,猫超,72℃鲜牛乳（瓶）900mL,16.0,,469.28
2026-08-10,天猫,猫超,三元乐活（瓶）200mL*20,99.0,,3055.14
2026-08-10,天猫,猫超,三元乐活950mL*12,100.0,,5698.0
2026-08-10,天猫,猫超,极致A2鲜奶240*20,8.0,,255.76
2026-08-10,天猫,猫超,极致A2鲜奶900*6,6.0,,176.58
2026-08-10,天猫,猫超,极致有机鲜牛奶 900ML,10.0,,331.9
2026-08-10,天猫,猫超,极致有机鲜牛奶240ML,8.0,,276.8
2026-08-10,天猫,猫超,三元真的好巧200mL*20,205.0,,16787.45
2026-08-10,天猫,猫超,北京酸奶原味杯130g*24,16.0,,679.04
2026-08-10,天猫,猫超,北京酸奶草莓杯130g*24,6.0,,309.36
2026-08-10,天猫,猫超,北京酸奶酸木瓜杯130g*24,30.0,,1608.6
2026-08-10,天猫,猫超,北京酸奶青柠杯130g*24,6.0,,325.44
2026-08-10,天猫,猫超,安德鲁蜂蜜,8.0,,0.0
2026-08-10,天猫,猫超,老北京杯装酸牛奶(139g*24),144.0,,4557.6
2026-08-10,天猫,猫超,雪凝茯苓杯装酸奶150g*4*14,21.0,,1064.7
2026-08-10,其他,其他,优选鲜牛乳240ml*20,60.0,,1886.4
2026-08-10,其他,其他,72℃鲜牛乳（瓶）900mL,3.0,,87.99
2026-08-10,其他,其他,极致A2鲜奶240*20,5.0,,159.85
2026-08-10,其他,其他,极致有机鲜牛奶 900ML,6.0,,199.14
2026-08-10,其他,其他,极致有机鲜牛奶240ML,14.0,,484.4
2026-08-10,其他,其他,三元真的好巧200mL*20,5.0,,409.45
2026-08-10,其他,其他,三元真的好巧450mL*12,124.0,,12856.32
2026-08-10,其他,其他,三元草莓黑米三连杯130g*3*8,8.0,,439.44
2026-08-10,其他,其他,三元青提芝士三连杯130g*3*8,8.0,,468.64
2026-08-10,其他,其他,北京酸奶原味瓶200g*24,8.0,,454.8
2026-08-10,其他,其他,北京酸奶原味杯130g*24,33.0,,1400.52
2026-08-10,其他,其他,北京酸奶草莓杯130g*24,9.0,,464.04
2026-08-10,其他,其他,北京酸奶酸木瓜杯130g*24,18.0,,965.16
2026-08-10,其他,其他,北京酸奶青柠杯130g*24,6.0,,325.44
2026-08-10,其他,其他,北京酸奶草莓瓶200g*24,4.0,,298.0
2026-08-10,其他,其他,系统自动虚拟货品,32.0,,0.0
2026-08-10,其他,其他,雪凝炭烧奶皮子杯酸130g*24,8.0,,248.48
2026-08-10,其他,其他,雪凝茯苓杯装酸奶150g*4*14,2.0,,101.4
2026-08-10,其他,其他,优选鲜牛乳240ml*20,22.0,,691.68
2026-08-10,其他,其他,极致有机鲜牛奶240ML,6.0,,207.6
2026-08-10,其他,其他,优选鲜牛乳240ml*20,14.0,,440.16
2026-08-10,其他,其他,优选瓶装鲜牛乳(450ml*12瓶),6.0,,185.58
2026-08-10,其他,其他,三元乐活（瓶）200mL*20,48.0,,1481.28
2026-08-10,其他,其他,极致A2鲜奶900*6,3.0,,88.29
2026-08-10,抖音,抖音,丁禹兮礼盒--2.0(抖音）,1.0,,0.0
2026-08-10,抖音,抖音,优选鲜牛乳240ml*20,554.0,,17417.76
2026-08-10,抖音,抖音,优选瓶装鲜牛乳(450ml*12瓶),1081.0,,33435.33
2026-08-10,抖音,抖音,三元乐活（瓶）200mL*20,3756.0,,115910.16
2026-08-10,抖音,抖音,极致A2鲜奶240*20,378.0,,12084.66
2026-08-10,抖音,抖音,极致A2鲜奶900*6,3.0,,88.29
2026-08-10,抖音,抖音,极致有机鲜牛奶 900ML,1.0,,33.19
2026-08-10,抖音,抖音,极致有机鲜牛奶240ML,64.0,,2214.4
2026-08-10,抖音,抖音,三元真的好巧200mL*20,360.0,,29480.4
2026-08-10,抖音,抖音,三元真的好巧450mL*12,15.0,,1555.2
2026-08-10,抖音,抖音,三元草莓黑米杯酸130g*24,295.0,,15525.85
2026-08-10,抖音,抖音,三元青提芝士杯酸130g*24,8.0,,450.16
2026-08-10,抖音,抖音,北京酸奶原味瓶200g*24,560.0,,31836.0
2026-08-10,抖音,抖音,北京酸奶原味杯130g*24,7740.0,,328485.6
2026-08-10,抖音,抖音,北京酸奶草莓杯130g*24,166.0,,8558.96
2026-08-10,抖音,抖音,北京酸奶酸木瓜杯130g*24,70.0,,3753.4
2026-08-10,抖音,抖音,北京酸奶青柠杯130g*24,64.0,,3471.36
2026-08-10,抖音,抖音,北京酸奶草莓瓶200g*24,42.0,,3129.0
2026-08-10,抖音,抖音,北京酸奶酸木瓜瓶200g*24,12.0,,910.68
2026-08-10,抖音,抖音,北京酸奶青柠瓶200g*24,30.0,,2200.2
2026-08-10,抖音,抖音,烤橙子陈皮爆珠杯酸130g*24,1307.0,,72146.4
2026-08-10,抖音,抖音,玻璃杯,64.0,,0.0
2026-08-10,抖音,抖音,蜂蜜,46.0,,0.0
2026-08-10,抖音,抖音,镭射卡,14.0,,0.0
2026-08-10,抖音,抖音,雪凝奶皮子酸奶原味800g*12,1530.0,,132130.8
2026-08-10,抖音,抖音,雪凝炭烧奶皮子杯酸130g*24,337.0,,10467.22
2026-08-10,抖音,抖音,雪凝炭烧奶皮子酸奶盒装800g*12,3654.0,,344645.28
2026-08-10,拼多多,拼多多,100g原味酸奶,6.0,,372.0
2026-08-10,拼多多,拼多多,72℃屋型鲜牛乳(950ml*12盒),2205.0,,119621.25
2026-08-10,拼多多,拼多多,优选鲜牛乳240ml*20,262.0,,8237.28
2026-08-10,拼多多,拼多多,优选瓶装鲜牛乳(450ml*12瓶),688.0,,21279.84
2026-08-10,拼多多,拼多多,轻能利乐冠—蓝莓+大麦250g,4.0,,231.4
2026-08-10,拼多多,拼多多,轻能利乐冠—黄桃+大麦250g,4.0,,224.48
2026-08-10,拼多多,拼多多,72℃鲜牛乳（瓶）900mL,1849.0,,54231.17
2026-08-10,拼多多,拼多多,三元乐活（瓶）200mL*20,10.0,,308.6
2026-08-10,拼多多,拼多多,三元乐活(瓶)450mL*12,1008.0,,34564.32
2026-08-10,拼多多,拼多多,三元乐活950mL*12,84.0,,4786.32
2026-08-10,拼多多,拼多多,三元晚安奶250mL*20,22.0,,1735.36
2026-08-10,拼多多,拼多多,极致A2鲜奶240*20,178.0,,5690.66
2026-08-10,拼多多,拼多多,极致A2鲜奶900*6,136.0,,4002.48
2026-08-10,拼多多,拼多多,极致有机鲜牛奶 900ML,658.0,,21839.02
2026-08-10,拼多多,拼多多,极致有机鲜牛奶240ML,125.0,,4325.0
2026-08-10,拼多多,拼多多,三元真的好巧200mL*20,56.0,,4585.84
2026-08-10,拼多多,拼多多,三元芋你鲜活450mL*12,248.0,,9577.76
2026-08-10,拼多多,拼多多,三元草莓黑米杯酸130g*24,6.0,,315.78
2026-08-10,拼多多,拼多多,三元青提芝士杯酸130g*24,9.0,,506.43
2026-08-10,拼多多,拼多多,三元乐活有机牛乳200mL*20,18.0,,750.42
2026-08-10,拼多多,拼多多,北京酸奶原味瓶200g*24,70.0,,3979.5
2026-08-10,拼多多,拼多多,北京酸奶原味杯130g*24,188.0,,7978.72
2026-08-10,拼多多,拼多多,北京酸奶草莓杯130g*24,8.0,,412.48
2026-08-10,拼多多,拼多多,北京酸奶青柠杯130g*24,8.0,,433.92
2026-08-10,拼多多,拼多多,72℃屋型鲜牛乳(490ml*12盒),144.0,,4492.8
2026-08-10,拼多多,拼多多,大大果块桑葚+蓝莓260g*12,52.0,,1491.36
2026-08-10,拼多多,拼多多,大果块草莓+桑葚260g*12,64.0,,1886.08
2026-08-10,拼多多,拼多多,大果块草莓+黄桃260g*12,60.0,,1696.8
2026-08-10,拼多多,拼多多,大果块黄桃+芒果260g*12,80.0,,2236.8
2026-08-10,拼多多,拼多多,极致72℃A2鲜奶240mL*20,63.0,,2142.0
2026-08-10,拼多多,拼多多,蜂蜜,90.0,,0.0
2026-08-10,拼多多,拼多多,雪凝原味盒酸800g*12,93.0,,7997.07
2026-08-10,拼多多,拼多多,雪凝奶皮子酸奶原味800g*12,800.0,,69088.0
2026-08-10,拼多多,拼多多,雪凝炭烧奶皮子杯酸130g*24,1006.0,,31246.36
2026-08-10,拼多多,拼多多,雪凝炭烧奶皮子酸奶盒装800g*12,728.0,,68664.96
2026-08-10,拼多多,拼多多,雪凝茯苓杯装酸奶150g*4*14,568.0,,28797.6
2026-08-10,新零售,新零售,72℃鲜牛乳（瓶）900mL,15354.0,,450332.82
2026-08-10,新零售,新零售,中脱（1*12）,1632.0,,49890.24
2026-08-10,新零售,新零售,优选瓶装鲜牛乳(450ml*12瓶),4548.0,,140669.64
2026-08-10,新零售,新零售,全脂桶（1*6）,2088.0,,107866.08
2026-08-10,新零售,新零售,全脂酸牛奶原味(100g*8),780.0,,3642.6
2026-08-10,新零售,新零售,北京酸奶原味四连杯130g*4*6,1206.0,,57429.72
2026-08-10,新零售,新零售,北京酸奶原味杯130g*24,48.0,,2037.12
2026-08-10,新零售,新零售,北京酸奶草莓四连杯130g*4*6,558.0,,31973.4
2026-08-10,新零售,新零售,北京酸奶草莓杯130g*24,48.0,,2474.88
2026-08-10,新零售,新零售,北京酸奶酸木瓜杯130g*24,48.0,,2573.76
2026-08-10,新零售,新零售,北京酸奶青柠杯130g*24,48.0,,2603.52
2026-08-10,新零售,新零售,大果块黄桃+芒果260g*12,684.0,,19124.64
2026-08-10,新零售,新零售,天然桶装酸牛奶(1*6),2304.0,,127549.44
2026-08-10,新零售,新零售,小康（1*12）,5472.0,,92257.92
2026-08-10,新零售,新零售,小象有机鲜牛奶950mL*12,9132.0,,593762.64
2026-08-10,新零售,新零售,极致A2鲜奶240*20,820.0,,26215.4
2026-08-10,新零售,新零售,极致A2鲜奶900*6,1194.0,,35139.42
2026-08-10,新零售,新零售,极致有机鲜牛奶 900ML,5154.0,,171061.26
2026-08-10,新零售,新零售,极致有机鲜牛奶240ML,6980.0,,241508.0
2026-08-10,新零售,新零售,特品纯鲜牛奶(1*60),21600.0,,1302696.0
2026-08-10,新零售,新零售,益菌多原味（125g*8*12）,1284.0,,107856.0
2026-08-10,新零售,新零售,益菌多无蔗糖（125g*8*12）,444.0,,40288.56
2026-08-10,新零售,新零售,盒马日日鲜A2星期一250mL*20,7040.0,,0.0
2026-08-10,新零售,新零售,盒马日日鲜星期一950ml,14076.0,,63623.52
2026-08-10,新零售,新零售,盒马有机桶鲜1.5L*6,13044.0,,711941.52
2026-08-10,新零售,新零售,简卡原味八连杯100g*8*12,1728.0,,117694.08
2026-08-10,新零售,新零售,简卡原味袋五连包150g*5*10,1020.0,,53070.6
2026-08-10,新零售,新零售,老北京杯装酸牛奶(139g*24),888.0,,28105.2
2026-08-10,新零售,新零售,脱脂桶（1*6）,120.0,,6206.4
2026-08-10,新零售,新零售,袋装天然酸奶(180g*60),2400.0,,125376.0
2026-08-10,新零售,新零售,雪凝茯苓杯装酸奶150g*4*14,2184.0,,110728.8
2026-08-10,新零售,新零售,雪凝茯苓杯酸纸箱150g*4*14,2996.0,,161214.76
2026-08-11,京东,京东POP,72℃屋型鲜牛乳(950ml*12盒),36.0,,1953.0
2026-08-11,京东,京东POP,优选鲜牛乳240ml*20,236.0,,7419.84
2026-08-11,京东,京东POP,优选瓶装鲜牛乳(450ml*12瓶),16.0,,494.88
2026-08-11,京东,京东POP,全脂桶（1*6）,20.0,,1033.1999999999998
2026-08-11,京东,京东POP,轻能利乐冠—蓝莓+大麦250g,16.0,,925.6
2026-08-11,京东,京东POP,轻能利乐冠—黄桃+大麦250g,8.0,,448.96
2026-08-11,京东,京东POP,三元166风味发酵乳182g*30,49.0,,3212.93
2026-08-11,京东,京东POP,72℃鲜牛乳（瓶）900mL,8.0,,234.64
2026-08-11,京东,京东POP,三元乐活（瓶）200mL*20,84.0,,2592.24
2026-08-11,京东,京东POP,三元乐活(瓶)450mL*12,40.0,,1371.6
2026-08-11,京东,京东POP,三元乐活950mL*12,16.0,,911.68
2026-08-11,京东,京东POP,三元晚安奶250mL*20,6.0,,473.28
2026-08-11,京东,京东POP,极致72℃低脂鲜奶240mL*20,5.0,,170.0
2026-08-11,京东,京东POP,极致72℃低脂鲜奶900mL*6,2.0,,63.6
2026-08-11,京东,京东POP,极致A2鲜奶240*20,148.0,,4731.56
2026-08-11,京东,京东POP,极致A2鲜奶900*6,50.0,,1471.5
2026-08-11,京东,京东POP,极致有机鲜牛奶 900ML,24.0,,796.56
2026-08-11,京东,京东POP,极致有机鲜牛奶240ML,236.0,,8165.6
2026-08-11,京东,京东POP,三元真的好巧200mL*20,129.0,,10563.81
2026-08-11,京东,京东POP,三元草莓黑米杯酸130g*24,3.0,,157.89
2026-08-11,京东,京东POP,三元青提芝士杯酸130g*24,18.0,,1012.86
2026-08-11,京东,京东POP,冰箱贴套装,37.0,,0.0
2026-08-11,京东,京东POP,北京酸奶原味杯130g*24,78.0,,3310.32
2026-08-11,京东,京东POP,北京酸奶草莓杯130g*24,38.0,,1959.28
2026-08-11,京东,京东POP,北京酸奶草莓瓶200g*24,7.0,,521.5
2026-08-11,京东,京东POP,大大果块桑葚+蓝莓260g*12,18.0,,516.24
2026-08-11,京东,京东POP,天然桶装酸牛奶1kg,106.0,,5249.12
2026-08-11,京东,京东POP,安德鲁蜂蜜,39.0,,0.0
2026-08-11,京东,京东POP,极致72℃A2鲜奶240mL*20,5.0,,170.0
2026-08-11,京东,京东POP,简卡原味袋五连包150g*5*10,3.0,,156.09
2026-08-11,京东,京东POP,老北京杯装酸牛奶(139g*24),12.0,,379.8
2026-08-11,京东,京东POP,雪凝原味盒酸800g*12,6.0,,515.9399999999999
2026-08-11,京东,京东POP,雪凝炭烧奶皮子酸奶盒装800g*12,8.0,,754.56
2026-08-11,京东,京东POP,雪凝茯苓杯装酸奶150g*4*14,18.0,,912.6
2026-08-11,其他,其他,优选鲜牛乳240ml*20,33.0,,1037.52
2026-08-11,其他,其他,优选瓶装鲜牛乳(450ml*12瓶),13.0,,402.09
2026-08-11,其他,其他,三元乐活（瓶）200mL*20,156.0,,4814.16
2026-08-11,其他,其他,三元乐活(瓶)450mL*12,36.0,,1234.44
2026-08-11,其他,其他,极致A2鲜奶240*20,40.0,,1278.8
2026-08-11,其他,其他,极致A2鲜奶900*6,26.0,,765.18
2026-08-11,其他,其他,极致有机鲜牛奶240ML,28.0,,968.8
2026-08-11,其他,其他,三元草莓黑米三连杯130g*3*8,16.0,,878.88
2026-08-11,其他,其他,三元青提芝士三连杯130g*3*8,80.0,,4686.4
2026-08-11,其他,其他,北京酸奶原味杯130g*24,11.0,,466.84
2026-08-11,其他,其他,北京酸奶草莓杯130g*24,5.0,,257.8
2026-08-11,其他,其他,北京酸奶酸木瓜杯130g*24,2.0,,107.24
2026-08-11,其他,其他,北京酸奶青柠杯130g*24,8.0,,433.92
2026-08-11,其他,其他,系统自动虚拟货品,19.0,,0.0
2026-08-11,其他,其他,雪凝原味盒酸800g*12,1.0,,85.99
2026-08-11,其他,其他,雪凝奶皮子酸奶原味800g*12,3.0,,259.08
2026-08-11,天猫,猫旗,72℃屋型鲜牛乳(950ml*12盒),23.0,,1247.75
2026-08-11,天猫,猫旗,优选鲜牛乳240ml*20,340.0,,10689.6
2026-08-11,天猫,猫旗,优选瓶装鲜牛乳(450ml*12瓶),9.0,,278.37
2026-08-11,天猫,猫旗,全脂桶（1*6）,159.0,,8213.939999999999
2026-08-11,天猫,猫旗,轻能利乐冠—蓝莓+大麦250g,5.0,,289.25
2026-08-11,天猫,猫旗,轻能利乐冠—黄桃+大麦250g,5.0,,280.6
2026-08-11,天猫,猫旗,三元166风味发酵乳182g*30,8.0,,524.56
2026-08-11,天猫,猫旗,72℃鲜牛乳（瓶）900mL,112.0,,3284.96
2026-08-11,天猫,猫旗,三元乐活（瓶）200mL*20,1369.0,,42247.34
2026-08-11,天猫,猫旗,三元乐活(瓶)450mL*12,12.0,,411.48
2026-08-11,天猫,猫旗,三元乐活950mL*12,118.0,,6723.639999999999
2026-08-11,天猫,猫旗,三元晚安奶250mL*20,6.0,,473.28
2026-08-11,天猫,猫旗,极致72℃低脂鲜奶240mL*20,21.0,,714.0
2026-08-11,天猫,猫旗,极致72℃低脂鲜奶900mL*6,3.0,,95.4
2026-08-11,天猫,猫旗,极致A2鲜奶240*20,158.0,,5051.26
2026-08-11,天猫,猫旗,极致A2鲜奶900*6,10.0,,294.3
2026-08-11,天猫,猫旗,极致有机鲜牛奶 900ML,21.0,,696.99
2026-08-11,天猫,猫旗,极致有机鲜牛奶240ML,283.0,,9791.8
2026-08-11,天猫,猫旗,三元真的好巧200mL*20,425.0,,34803.25
2026-08-11,天猫,猫旗,三元芋你鲜活200mL*20,10.0,,338.6
2026-08-11,天猫,猫旗,三元草莓黑米杯酸130g*24,60.0,,3157.8
2026-08-11,天猫,猫旗,三元青提芝士杯酸130g*24,20.0,,1125.4
2026-08-11,天猫,猫旗,北京酸奶原味瓶200g*24,19.0,,1080.15
2026-08-11,天猫,猫旗,北京酸奶原味杯130g*24,916.0,,38875.04
2026-08-11,天猫,猫旗,北京酸奶草莓杯130g*24,39.0,,2010.84
2026-08-11,天猫,猫旗,北京酸奶酸木瓜杯130g*24,6.0,,321.72
2026-08-11,天猫,猫旗,北京酸奶青柠杯130g*24,19.0,,1030.56
2026-08-11,天猫,猫旗,北京酸奶草莓瓶200g*24,23.0,,1713.5
2026-08-11,天猫,猫旗,北京酸奶酸木瓜瓶200g*24,3.0,,227.67
2026-08-11,天猫,猫旗,北京酸奶青柠瓶200g*24,3.0,,220.02
2026-08-11,天猫,猫旗,大果块草莓+桑葚260g*12,8.0,,235.76
2026-08-11,天猫,猫旗,天然桶装酸牛奶1kg,51.0,,2525.52
2026-08-11,天猫,猫旗,安德鲁蜂蜜,36.0,,0.0
2026-08-11,天猫,猫旗,极致72℃A2鲜奶240mL*20,45.0,,1530.0
2026-08-11,天猫,猫旗,海报,51.0,,0.0
2026-08-11,天猫,猫旗,简卡原味袋五连包150g*5*10,10.0,,520.3
2026-08-11,天猫,猫旗,老北京杯装酸牛奶(139g*24),40.0,,1266.0
2026-08-11,天猫,猫旗,芭芭农场DM单,139.0,,0.0
2026-08-11,天猫,猫旗,雪凝原味盒酸800g*12,14.0,,1203.86
2026-08-11,天猫,猫旗,雪凝奶皮子酸奶原味800g*12,29.0,,2504.44
2026-08-11,天猫,猫旗,雪凝炭烧奶皮子杯酸130g*24,12.0,,372.72
2026-08-11,天猫,猫旗,雪凝炭烧奶皮子酸奶盒装800g*12,32.0,,3018.24
2026-08-11,天猫,猫旗,雪凝茯苓杯装酸奶150g*4*14,40.0,,2028.0
2026-08-11,天猫,猫超,72℃屋型鲜牛乳(950ml*12盒),26.0,,1410.5
2026-08-11,天猫,猫超,优选鲜牛乳240ml*20,144.0,,4527.360000000001
2026-08-11,天猫,猫超,优选瓶装鲜牛乳(450ml*12瓶),8.0,,247.44
2026-08-11,天猫,猫超,全脂桶（1*6）,6.0,,309.96
2026-08-11,天猫,猫超,轻能利乐冠—蓝莓+大麦250g,16.0,,925.6
2026-08-11,天猫,猫超,轻能利乐冠—黄桃+大麦250g,72.0,,4040.64
2026-08-11,天猫,猫超,72℃鲜牛乳（瓶）900mL,4.0,,117.32
2026-08-11,天猫,猫超,三元乐活（瓶）200mL*20,72.0,,2221.92
2026-08-11,天猫,猫超,三元乐活(瓶)450mL*12,6.0,,205.74
2026-08-11,天猫,猫超,三元乐活950mL*12,96.0,,5470.08
2026-08-11,天猫,猫超,极致A2鲜奶240*20,32.0,,1023.04
2026-08-11,天猫,猫超,极致A2鲜奶900*6,6.0,,176.57999999999998
2026-08-11,天猫,猫超,极致有机鲜牛奶 900ML,14.0,,464.66
2026-08-11,天猫,猫超,极致有机鲜牛奶240ML,48.0,,1660.8000000000002
2026-08-11,天猫,猫超,三元真的好巧200mL*20,205.0,,16787.45
2026-08-11,天猫,猫超,三元草莓黑米杯酸130g*24,36.0,,1894.68
2026-08-11,天猫,猫超,三元青提芝士杯酸130g*24,18.0,,1012.86
2026-08-11,天猫,猫超,北京酸奶原味杯130g*24,6.0,,254.64
2026-08-11,天猫,猫超,安德鲁蜂蜜,3.0,,0.0
2026-08-11,天猫,猫超,老北京杯装酸牛奶(139g*24),180.0,,5697.0
2026-08-11,天猫,猫超,雪凝茯苓杯装酸奶150g*4*14,15.0,,760.5
2026-08-11,抖音,抖音,丁禹兮礼盒--2.0(抖音）,1.0,,0.0
2026-08-11,抖音,抖音,优选鲜牛乳240ml*20,512.0,,16097.28
2026-08-11,抖音,抖音,优选瓶装鲜牛乳(450ml*12瓶),445.0,,13763.85
2026-08-11,抖音,抖音,三元乐活（瓶）200mL*20,1802.0,,55609.72
2026-08-11,抖音,抖音,三元乐活(瓶)450mL*12,20.0,,685.8
2026-08-11,抖音,抖音,三元晚安奶250mL*20,16.0,,1262.08
2026-08-11,抖音,抖音,极致A2鲜奶240*20,86.0,,2749.42
2026-08-11,抖音,抖音,极致A2鲜奶900*6,3.0,,88.28999999999999
2026-08-11,抖音,抖音,极致有机鲜牛奶 900ML,12.0,,398.28
2026-08-11,抖音,抖音,极致有机鲜牛奶240ML,64.0,,2214.4
2026-08-11,抖音,抖音,三元真的好巧200mL*20,319.0,,26122.91
2026-08-11,抖音,抖音,三元真的好巧450mL*12,3.0,,311.04
2026-08-11,抖音,抖音,三元芋你鲜活200mL*20,20.0,,677.2
2026-08-11,抖音,抖音,三元草莓黑米杯酸130g*24,245.0,,12894.35
2026-08-11,抖音,抖音,三元青提芝士杯酸130g*24,191.0,,10747.57
2026-08-11,抖音,抖音,北京酸奶原味瓶200g*24,368.0,,20920.8
2026-08-11,抖音,抖音,北京酸奶原味杯130g*24,586.0,,24869.84
2026-08-11,抖音,抖音,北京酸奶草莓杯130g*24,238.0,,12271.28
2026-08-11,抖音,抖音,北京酸奶酸木瓜杯130g*24,282.0,,15120.84
2026-08-11,抖音,抖音,北京酸奶青柠杯130g*24,196.0,,10631.04
2026-08-11,抖音,抖音,北京酸奶草莓瓶200g*24,30.0,,2235.0
2026-08-11,抖音,抖音,北京酸奶酸木瓜瓶200g*24,12.0,,910.68
2026-08-11,抖音,抖音,北京酸奶青柠瓶200g*24,6.0,,440.04
2026-08-11,抖音,抖音,烤橙子陈皮爆珠杯酸130g*24,124.0,,6844.8
2026-08-11,抖音,抖音,玻璃杯,58.0,,0.0
2026-08-11,抖音,抖音,礼盒,1.0,,0.0
2026-08-11,抖音,抖音,蜂蜜,57.0,,0.0
2026-08-11,抖音,抖音,语音包2.0,5.0,,0.0
2026-08-11,抖音,抖音,镭射卡,13.0,,0.0
2026-08-11,抖音,抖音,雪凝奶皮子酸奶原味800g*12,62.0,,5354.32
2026-08-11,抖音,抖音,雪凝炭烧奶皮子杯酸130g*24,17.0,,528.02
2026-08-11,抖音,抖音,雪凝炭烧奶皮子酸奶盒装800g*12,114.0,,10752.48
2026-08-11,拼多多,拼多多,100g原味酸奶,12.0,,744.0
2026-08-11,拼多多,拼多多,72℃屋型鲜牛乳(950ml*12盒),270.0,,14647.5
2026-08-11,拼多多,拼多多,优选鲜牛乳240ml*20,556.0,,17480.64
2026-08-11,拼多多,拼多多,优选瓶装鲜牛乳(450ml*12瓶),593.0,,18341.49
2026-08-11,拼多多,拼多多,轻能利乐冠—黄桃+大麦250g,32.0,,1795.84
2026-08-11,拼多多,拼多多,72℃鲜牛乳（瓶）900mL,439.0,,12875.87
2026-08-11,拼多多,拼多多,三元乐活（瓶）200mL*20,30.0,,925.8
2026-08-11,拼多多,拼多多,三元乐活(瓶)450mL*12,516.0,,17693.64
2026-08-11,拼多多,拼多多,三元乐活950mL*12,96.0,,5470.08
2026-08-11,拼多多,拼多多,三元晚安奶250mL*20,56.0,,4417.28
2026-08-11,拼多多,拼多多,极致A2鲜奶240*20,62.0,,1982.14
2026-08-11,拼多多,拼多多,极致A2鲜奶900*6,95.0,,2795.85
2026-08-11,拼多多,拼多多,极致有机鲜牛奶 900ML,532.0,,17657.079999999998
2026-08-11,拼多多,拼多多,极致有机鲜牛奶240ML,196.0,,6781.6
2026-08-11,拼多多,拼多多,三元真的好巧200mL*20,149.0,,12201.61
2026-08-11,拼多多,拼多多,三元芋你鲜活450mL*12,75.0,,2896.5
2026-08-11,拼多多,拼多多,三元青提芝士杯酸130g*24,3.0,,168.81
2026-08-11,拼多多,拼多多,三元乐活有机牛乳200mL*20,28.0,,1167.32
2026-08-11,拼多多,拼多多,北京酸奶原味瓶200g*24,100.0,,5685.0
2026-08-11,拼多多,拼多多,北京酸奶原味杯130g*24,478.0,,20286.32
2026-08-11,拼多多,拼多多,北京酸奶草莓杯130g*24,16.0,,824.96
2026-08-11,拼多多,拼多多,北京酸奶酸木瓜杯130g*24,8.0,,428.96
2026-08-11,拼多多,拼多多,北京酸奶青柠杯130g*24,8.0,,433.92
2026-08-11,拼多多,拼多多,北京酸奶草莓瓶200g*24,1.0,,74.5
2026-08-11,拼多多,拼多多,北京酸奶酸木瓜瓶200g*24,6.0,,455.34
2026-08-11,拼多多,拼多多,72℃屋型鲜牛乳(490ml*12盒),102.0,,3182.4
2026-08-11,拼多多,拼多多,大大果块桑葚+蓝莓260g*12,91.0,,2609.88
2026-08-11,拼多多,拼多多,大果块草莓+桑葚260g*12,116.0,,3418.52
2026-08-11,拼多多,拼多多,大果块草莓+黄桃260g*12,91.0,,2573.48
2026-08-11,拼多多,拼多多,大果块黄桃+芒果260g*12,132.0,,3690.72
2026-08-11,拼多多,拼多多,蜂蜜,219.0,,0.0
2026-08-11,拼多多,拼多多,雪凝原味盒酸800g*12,192.0,,16510.079999999998
2026-08-11,拼多多,拼多多,雪凝奶皮子酸奶原味800g*12,69.0,,5958.84
2026-08-11,拼多多,拼多多,雪凝炭烧奶皮子杯酸130g*24,318.0,,9877.08
2026-08-11,拼多多,拼多多,雪凝炭烧奶皮子酸奶盒装800g*12,68.0,,6413.759999999999
2026-08-11,拼多多,拼多多,雪凝茯苓杯装酸奶150g*4*14,331.0,,16781.7
2026-08-11,新零售,新零售,72℃鲜牛乳（瓶）900mL,16398.0,,480953.34
2026-08-11,新零售,新零售,三元真的好巧200mL*20,4700.0,,384883.0
2026-08-11,新零售,新零售,三元芋你鲜活200mL*20,40.0,,1354.4
2026-08-11,新零售,新零售,中脱（1*12）,1032.0,,31548.24
2026-08-11,新零售,新零售,优选瓶装鲜牛乳(450ml*12瓶),5004.0,,154773.72
2026-08-11,新零售,新零售,全脂桶（1*6）,1866.0,,96397.56
2026-08-11,新零售,新零售,全脂酸牛奶原味(100g*8),192.0,,896.64
2026-08-11,新零售,新零售,北京酸奶原味四连杯130g*4*6,1374.0,,65429.88
2026-08-11,新零售,新零售,北京酸奶草莓四连杯130g*4*6,426.0,,24409.8
2026-08-11,新零售,新零售,大果块黄桃+芒果260g*12,720.0,,20131.2
2026-08-11,新零售,新零售,天然桶装酸牛奶(1*6),2268.0,,125556.48
2026-08-11,新零售,新零售,小康（1*12）,5580.0,,94078.8
2026-08-11,新零售,新零售,极致A2鲜奶240*20,560.0,,17903.2
2026-08-11,新零售,新零售,极致A2鲜奶900*6,1470.0,,43262.1
2026-08-11,新零售,新零售,极致有机鲜牛奶 900ML,5112.0,,169667.28
2026-08-11,新零售,新零售,极致有机鲜牛奶240ML,7760.0,,268496.0
2026-08-11,新零售,新零售,特品纯鲜牛奶(1*60),21660.0,,1306314.6
2026-08-11,新零售,新零售,益菌多原味（125g*8*12）,1260.0,,105840.0
2026-08-11,新零售,新零售,益菌多无蔗糖（125g*8*12）,432.0,,39199.68
2026-08-11,新零售,新零售,盒马日日鲜A2星期二250mL*20,8060.0,,0.0
2026-08-11,新零售,新零售,盒马日日鲜星期二950ml,13836.0,,62538.72
2026-08-11,新零售,新零售,盒马红颜草莓奶450mL*12,15228.0,,606531.24
2026-08-11,新零售,新零售,盒马蓝莓黑加仑冰奶450ml*12,10728.0,,559894.32
2026-08-11,新零售,新零售,简卡原味八连杯100g*8*12,1872.0,,127501.92
2026-08-11,新零售,新零售,简卡原味袋五连包150g*5*10,790.0,,41103.7
2026-08-11,新零售,新零售,老北京杯装酸牛奶(139g*24),720.0,,22788.0
2026-08-11,新零售,新零售,脱脂桶（1*6）,120.0,,6206.4
2026-08-11,新零售,新零售,袋装天然酸奶(180g*60),1920.0,,100300.8
2026-08-11,新零售,新零售,雪凝炭烧奶皮子杯酸130g*24,72.0,,2236.32
2026-08-11,新零售,新零售,雪凝茯苓杯装酸奶150g*4*14,2002.0,,101501.4
2026-08-11,新零售,新零售,雪凝茯苓杯酸纸箱150g*4*14,3010.0,,161968.1
2026-08-12,京东,京东POP,72℃屋型鲜牛乳(950ml*12盒),135.0,,7323.75
2026-08-12,京东,京东POP,优选鲜牛乳240ml*20,597.0,,18769.68
2026-08-12,京东,京东POP,优选瓶装鲜牛乳(450ml*12瓶),10.0,,309.3
2026-08-12,京东,京东POP,全脂桶（1*6）,48.0,,2479.68
2026-08-12,京东,京东POP,轻能利乐冠—蓝莓+大麦250g,8.0,,462.8
2026-08-12,京东,京东POP,轻能利乐冠—黄桃+大麦250g,160.0,,8979.199999999999
2026-08-12,京东,京东POP,三元166风味发酵乳182g*30,25.0,,1639.2499999999998
2026-08-12,京东,京东POP,72℃鲜牛乳（瓶）900mL,21.0,,615.93
2026-08-12,京东,京东POP,三元乐活（瓶）200mL*20,20.0,,617.2
2026-08-12,京东,京东POP,三元乐活(瓶)450mL*12,12.0,,411.48
2026-08-12,京东,京东POP,三元乐活950mL*12,40.0,,2279.2
2026-08-12,京东,京东POP,三元晚安奶250mL*20,6.0,,473.28
2026-08-12,京东,京东POP,极致72℃低脂鲜奶240mL*20,13.0,,442.0
2026-08-12,京东,京东POP,极致A2鲜奶240*20,67.0,,2141.99
2026-08-12,京东,京东POP,极致A2鲜奶900*6,39.0,,1147.77
2026-08-12,京东,京东POP,极致有机鲜牛奶 900ML,93.0,,3086.67
2026-08-12,京东,京东POP,极致有机鲜牛奶240ML,247.0,,8546.2
2026-08-12,京东,京东POP,三元真的好巧200mL*20,108.0,,8844.12
2026-08-12,京东,京东POP,三元真的好巧450mL*12,12.0,,1244.16
2026-08-12,京东,京东POP,三元草莓黑米杯酸130g*24,15.0,,789.45
2026-08-12,京东,京东POP,三元青提芝士杯酸130g*24,6.0,,337.62
2026-08-12,京东,京东POP,冰箱贴套装,32.0,,0.0
2026-08-12,京东,京东POP,北京酸奶原味瓶200g*24,224.0,,12734.4
2026-08-12,京东,京东POP,北京酸奶原味杯130g*24,98.0,,4159.12
2026-08-12,京东,京东POP,北京酸奶草莓瓶200g*24,22.0,,1639.0
2026-08-12,京东,京东POP,北京酸奶酸木瓜瓶200g*24,2.0,,151.78
2026-08-12,京东,京东POP,大大果块桑葚+蓝莓260g*12,12.0,,344.16
2026-08-12,京东,京东POP,天然桶装酸牛奶1kg,44.0,,2178.88
2026-08-12,京东,京东POP,安德鲁蜂蜜,49.0,,0.0
2026-08-12,京东,京东POP,简卡原味袋五连包150g*5*10,12.0,,624.36
2026-08-12,京东,京东POP,老北京杯装酸牛奶(139g*24),8.0,,253.2
2026-08-12,京东,京东POP,雪凝奶皮子酸奶原味800g*12,4.0,,345.44
2026-08-12,京东,京东POP,雪凝炭烧奶皮子酸奶盒装800g*12,2.0,,188.64
2026-08-12,京东,京东POP,雪凝茯苓杯装酸奶150g*4*14,12.0,,608.4000000000001
2026-08-12,京东,京东自营,72℃屋型鲜牛乳(950ml*12盒),972.0,,52731.0
2026-08-12,京东,京东自营,72℃鲜牛乳（瓶）900mL,612.0,,17949.96
2026-08-12,京东,京东自营,三元乐活(瓶)450mL*12,12.0,,411.48
2026-08-12,京东,京东自营,三元乐活950mL*12,132.0,,7521.36
2026-08-12,京东,京东自营,三元乐活瓶装高温杀菌乳450mL*6,12.0,,221.88
2026-08-12,京东,京东自营,三元乐活（瓶）200mL*20,1000.0,,30860.0
2026-08-12,京东,京东自营,三元真的好巧200mL*20,40.0,,3275.6
2026-08-12,京东,京东自营,三元纯牛奶180mL*12,60.0,,794.4
2026-08-12,京东,京东自营,三元老北京酸牛奶（139g*8*4）,40.0,,2023.2
2026-08-12,京东,京东自营,三元芋你鲜活450mL*12,24.0,,926.88
2026-08-12,京东,京东自营,优选鲜牛乳240ml*20,2340.0,,73569.6
2026-08-12,京东,京东自营,全脂桶（1*6）,420.0,,21697.2
2026-08-12,京东,京东自营,天然桶装酸牛奶(1*6),132.0,,7307.519999999999
2026-08-12,京东,京东自营,小康（1*12）,936.0,,15780.96
2026-08-12,京东,京东自营,极致72℃A2鲜奶240mL*20,60.0,,2040.0
2026-08-12,京东,京东自营,极致72℃A2鲜奶900mL*6,6.0,,190.8
2026-08-12,京东,京东自营,极致72℃低脂鲜奶240mL*20,60.0,,2040.0
2026-08-12,京东,京东自营,极致72℃低脂鲜奶900mL*6,6.0,,190.8
2026-08-12,京东,京东自营,极致A2鲜奶240*20,300.0,,9591.0
2026-08-12,京东,京东自营,极致A2鲜奶900*6,84.0,,2472.12
2026-08-12,京东,京东自营,极致有机鲜牛奶 900ML,156.0,,5177.639999999999
2026-08-12,京东,京东自营,极致有机鲜牛奶240ML,240.0,,8304.0
2026-08-12,京东,京东自营,益菌多原味DSHB（125g*16*6）,6.0,,439.08
2026-08-12,京东,京东自营,益菌多无蔗糖DSHB（125g*16*6）,6.0,,482.46
2026-08-12,京东,京东自营,脱脂桶（1*6）,168.0,,8688.96
2026-08-12,京东,京东自营,袋装天然酸奶(180g*60),600.0,,31344.0
2026-08-12,京东,京东自营,轻能利乐冠DSHB-蓝莓+大麦250g*4,36.0,,365.4
2026-08-12,京东,京东自营,轻能利乐冠DSHB-黄桃+大麦250g*4,114.0,,1121.76
2026-08-12,京东,京东自营,雪凝原味盒酸800g*12,48.0,,4127.52
2026-08-12,京东,京东自营,雪凝奶皮子酸奶原味800g*12,36.0,,3108.96
2026-08-12,京东,京东自营,雪凝茯苓杯装酸奶DSHB(150g*8*6),18.0,,852.3000000000001
2026-08-12,其他,其他,优选鲜牛乳240ml*20,35.0,,1100.4
2026-08-12,其他,其他,优选瓶装鲜牛乳(450ml*12瓶),13.0,,402.09
2026-08-12,其他,其他,三元乐活（瓶）200mL*20,180.0,,5554.8
2026-08-12,其他,其他,三元乐活(瓶)450mL*12,42.0,,1440.18
2026-08-12,其他,其他,极致A2鲜奶240*20,15.0,,479.55
2026-08-12,其他,其他,极致有机鲜牛奶 900ML,6.0,,199.14
2026-08-12,其他,其他,极致有机鲜牛奶240ML,10.0,,346.0
2026-08-12,其他,其他,三元真的好巧450mL*12,123.0,,12752.64
2026-08-12,其他,其他,三元草莓黑米杯酸130g*24,4.0,,210.52
2026-08-12,其他,其他,三元草莓黑米三连杯130g*3*8,240.0,,13183.2
2026-08-12,其他,其他,三元青提芝士杯酸130g*24,4.0,,225.08
2026-08-12,其他,其他,三元乐活有机牛乳200mL*20,14.0,,583.66
2026-08-12,其他,其他,北京酸奶原味杯130g*24,6.0,,254.64
2026-08-12,其他,其他,北京酸奶酸木瓜杯130g*24,3.0,,160.86
2026-08-12,其他,其他,北京酸奶青柠杯130g*24,3.0,,162.72
2026-08-12,其他,其他,系统自动虚拟货品,48.0,,0.0
2026-08-12,其他,其他,雪凝奶皮子酸奶原味800g*12,21.0,,1813.56
2026-08-12,其他,其他,雪凝炭烧奶皮子杯酸130g*24,50.0,,1553.0
2026-08-12,其他,其他,雪凝炭烧奶皮子酸奶盒装800g*12,27.0,,2546.64
2026-08-12,天猫,猫旗,72℃屋型鲜牛乳(950ml*12盒),33.0,,1790.25
2026-08-12,天猫,猫旗,优选鲜牛乳240ml*20,160.0,,5030.400000000001
2026-08-12,天猫,猫旗,全脂桶（1*6）,228.0,,11778.48
2026-08-12,天猫,猫旗,三元166风味发酵乳182g*30,8.0,,524.56
2026-08-12,天猫,猫旗,72℃鲜牛乳（瓶）900mL,197.0,,5778.009999999999
2026-08-12,天猫,猫旗,三元乐活（瓶）200mL*20,1826.0,,56350.36
2026-08-12,天猫,猫旗,三元乐活(瓶)450mL*12,6.0,,205.74
2026-08-12,天猫,猫旗,三元乐活950mL*12,298.0,,16980.04
2026-08-12,天猫,猫旗,极致72℃低脂鲜奶240mL*20,2.0,,68.0
2026-08-12,天猫,猫旗,极致A2鲜奶240*20,178.0,,5690.66
2026-08-12,天猫,猫旗,极致A2鲜奶900*6,8.0,,235.44
2026-08-12,天猫,猫旗,极致有机鲜牛奶 900ML,99.0,,3285.81
2026-08-12,天猫,猫旗,极致有机鲜牛奶240ML,219.0,,7577.400000000001
2026-08-12,天猫,猫旗,三元真的好巧200mL*20,443.0,,36277.27
2026-08-12,天猫,猫旗,三元真的好巧450mL*12,168.0,,17418.24
2026-08-12,天猫,猫旗,三元芋你鲜活200mL*20,10.0,,338.6
2026-08-12,天猫,猫旗,三元草莓黑米杯酸130g*24,28.0,,1473.64
2026-08-12,天猫,猫旗,三元青提芝士杯酸130g*24,44.0,,2475.88
2026-08-12,天猫,猫旗,三元乐活有机牛乳200mL*20,182.0,,7587.58
2026-08-12,天猫,猫旗,北京酸奶原味瓶200g*24,340.0,,19329.0
2026-08-12,天猫,猫旗,北京酸奶原味杯130g*24,2324.0,,98630.56
2026-08-12,天猫,猫旗,北京酸奶草莓杯130g*24,2.0,,103.12
2026-08-12,天猫,猫旗,北京酸奶酸木瓜杯130g*24,4.0,,214.48
2026-08-12,天猫,猫旗,北京酸奶青柠杯130g*24,14.0,,759.36
2026-08-12,天猫,猫旗,北京酸奶草莓瓶200g*24,33.0,,2458.5
2026-08-12,天猫,猫旗,北京酸奶酸木瓜瓶200g*24,59.0,,4477.51
2026-08-12,天猫,猫旗,北京酸奶青柠瓶200g*24,13.0,,953.42
2026-08-12,天猫,猫旗,大果块草莓+桑葚260g*12,7.0,,206.29
2026-08-12,天猫,猫旗,大果块黄桃+芒果260g*12,20.0,,559.2
2026-08-12,天猫,猫旗,天然桶装酸牛奶1kg,10.0,,495.2000000000001
2026-08-12,天猫,猫旗,安德鲁蜂蜜,75.0,,0.0
2026-08-12,天猫,猫旗,极致72℃A2鲜奶240mL*20,6.0,,204.0
2026-08-12,天猫,猫旗,极致72℃A2鲜奶900mL*6,2.0,,63.6
2026-08-12,天猫,猫旗,海报,78.0,,0.0
2026-08-12,天猫,猫旗,简卡原味袋五连包150g*5*10,13.0,,676.39
2026-08-12,天猫,猫旗,老北京杯装酸牛奶(139g*24),134.0,,4241.099999999999
2026-08-12,天猫,猫旗,芭芭农场DM单,360.0,,0.0
2026-08-12,天猫,猫旗,雪凝原味盒酸800g*12,4.0,,343.96
2026-08-12,天猫,猫旗,雪凝奶皮子酸奶原味800g*12,15.0,,1295.4
2026-08-12,天猫,猫旗,雪凝炭烧奶皮子酸奶盒装800g*12,85.0,,8017.2
2026-08-12,天猫,猫旗,雪凝茯苓杯装酸奶150g*4*14,55.0,,2788.5
2026-08-12,天猫,猫超,72℃屋型鲜牛乳(950ml*12盒),30.0,,1627.5
2026-08-12,天猫,猫超,优选鲜牛乳240ml*20,178.0,,5596.320000000001
2026-08-12,天猫,猫超,优选瓶装鲜牛乳(450ml*12瓶),26.0,,804.18
2026-08-12,天猫,猫超,全脂桶（1*6）,8.0,,413.28
2026-08-12,天猫,猫超,轻能利乐冠—蓝莓+大麦250g,32.0,,1851.2
2026-08-12,天猫,猫超,轻能利乐冠—黄桃+大麦250g,32.0,,1795.84
2026-08-12,天猫,猫超,72℃鲜牛乳（瓶）900mL,8.0,,234.64
2026-08-12,天猫,猫超,三元乐活（瓶）200mL*20,127.0,,3919.22
2026-08-12,天猫,猫超,三元乐活(瓶)450mL*12,12.0,,411.48
2026-08-12,天猫,猫超,三元乐活950mL*12,188.0,,10712.24
2026-08-12,天猫,猫超,极致A2鲜奶240*20,16.0,,511.52
2026-08-12,天猫,猫超,极致A2鲜奶900*6,8.0,,235.44
2026-08-12,天猫,猫超,极致有机鲜牛奶 900ML,6.0,,199.14
2026-08-12,天猫,猫超,极致有机鲜牛奶240ML,45.0,,1557.0
2026-08-12,天猫,猫超,三元真的好巧200mL*20,185.0,,15149.65
2026-08-12,天猫,猫超,三元青提芝士杯酸130g*24,36.0,,2025.72
2026-08-12,天猫,猫超,北京酸奶原味杯130g*24,56.0,,2376.64
2026-08-12,天猫,猫超,安德鲁蜂蜜,28.0,,0.0
2026-08-12,天猫,猫超,老北京杯装酸牛奶(139g*24),60.0,,1899.0
2026-08-12,天猫,猫超,雪凝茯苓杯装酸奶150g*4*14,27.0,,1368.9
2026-08-12,抖音,抖音,丁禹兮礼盒--2.0(抖音）,3.0,,0.0
2026-08-12,抖音,抖音,优选鲜牛乳240ml*20,262.0,,8237.28
2026-08-12,抖音,抖音,优选瓶装鲜牛乳(450ml*12瓶),122.0,,3773.46
2026-08-12,抖音,抖音,轻能利乐冠—蓝莓+大麦250g,2.0,,115.7
2026-08-12,抖音,抖音,轻能利乐冠—黄桃+大麦250g,10.0,,561.1999999999999
2026-08-12,抖音,抖音,三元乐活（瓶）200mL*20,3628.0,,111960.08
2026-08-12,抖音,抖音,三元乐活(瓶)450mL*12,40.0,,1371.6
2026-08-12,抖音,抖音,三元晚安奶250mL*20,40.0,,3155.2
2026-08-12,抖音,抖音,极致A2鲜奶240*20,165.0,,5275.05
2026-08-12,抖音,抖音,极致A2鲜奶900*6,4.0,,117.72
2026-08-12,抖音,抖音,极致有机鲜牛奶 900ML,19.0,,630.6099999999999
2026-08-12,抖音,抖音,极致有机鲜牛奶240ML,140.0,,4844.0
2026-08-12,抖音,抖音,三元真的好巧200mL*20,145.0,,11874.05
2026-08-12,抖音,抖音,三元真的好巧450mL*12,30.0,,3110.4
2026-08-12,抖音,抖音,三元芋你鲜活200mL*20,258.0,,8735.88
2026-08-12,抖音,抖音,三元草莓黑米杯酸130g*24,834.0,,43893.420000000006
2026-08-12,抖音,抖音,三元青提芝士杯酸130g*24,552.0,,31061.04
2026-08-12,抖音,抖音,北京酸奶原味瓶200g*24,394.0,,22398.9
2026-08-12,抖音,抖音,北京酸奶原味杯130g*24,1000.0,,42440.0
2026-08-12,抖音,抖音,北京酸奶酸木瓜杯130g*24,38.0,,2037.56
2026-08-12,抖音,抖音,北京酸奶青柠杯130g*24,22.0,,1193.28
2026-08-12,抖音,抖音,北京酸奶草莓瓶200g*24,66.0,,4917.0
2026-08-12,抖音,抖音,北京酸奶酸木瓜瓶200g*24,6.0,,455.34
2026-08-12,抖音,抖音,北京酸奶青柠瓶200g*24,12.0,,880.08
2026-08-12,抖音,抖音,烤橙子陈皮爆珠杯酸130g*24,3244.0,,179068.80000000002
2026-08-12,抖音,抖音,玻璃杯,4.0,,0.0
2026-08-12,抖音,抖音,礼盒,2.0,,0.0
2026-08-12,抖音,抖音,老北京杯装酸牛奶(139g*24),144.0,,4557.599999999999
2026-08-12,抖音,抖音,蜂蜜,128.0,,0.0
2026-08-12,抖音,抖音,镭射卡,102.0,,0.0
2026-08-12,抖音,抖音,雪凝奶皮子酸奶原味800g*12,2903.0,,250703.08
2026-08-12,抖音,抖音,雪凝炭烧奶皮子杯酸130g*24,212.0,,6584.719999999999
2026-08-12,抖音,抖音,雪凝炭烧奶皮子酸奶盒装800g*12,7447.0,,702401.0399999999
2026-08-12,拼多多,拼多多,100g原味酸奶,10.0,,620.0
2026-08-12,拼多多,拼多多,72℃屋型鲜牛乳(950ml*12盒),441.0,,23924.25
2026-08-12,拼多多,拼多多,优选鲜牛乳240ml*20,910.0,,28610.4
2026-08-12,拼多多,拼多多,优选瓶装鲜牛乳(450ml*12瓶),70.0,,2165.1
2026-08-12,拼多多,拼多多,轻能利乐冠—蓝莓+大麦250g,70.0,,4049.5
2026-08-12,拼多多,拼多多,轻能利乐冠—黄桃+大麦250g,46.0,,2581.52
2026-08-12,拼多多,拼多多,72℃鲜牛乳（瓶）900mL,2070.0,,60713.1
2026-08-12,拼多多,拼多多,三元乐活（瓶）200mL*20,20.0,,617.2
2026-08-12,拼多多,拼多多,三元乐活(瓶)450mL*12,114.0,,3909.06
2026-08-12,拼多多,拼多多,三元乐活950mL*12,164.0,,9344.72
2026-08-12,拼多多,拼多多,三元晚安奶250mL*20,30.0,,2366.4
2026-08-12,拼多多,拼多多,极致A2鲜奶240*20,344.0,,10997.68
2026-08-12,拼多多,拼多多,极致A2鲜奶900*6,104.0,,3060.72
2026-08-12,拼多多,拼多多,极致有机鲜牛奶 900ML,102.0,,3385.38
2026-08-12,拼多多,拼多多,极致有机鲜牛奶240ML,188.0,,6504.8
2026-08-12,拼多多,拼多多,三元真的好巧200mL*20,72.0,,5896.08
2026-08-12,拼多多,拼多多,三元芋你鲜活450mL*12,56.0,,2162.72
2026-08-12,拼多多,拼多多,三元草莓黑米杯酸130g*24,8.0,,421.04
2026-08-12,拼多多,拼多多,三元乐活有机牛乳200mL*20,18.0,,750.42
2026-08-12,拼多多,拼多多,北京酸奶原味瓶200g*24,36.0,,2046.6
2026-08-12,拼多多,拼多多,北京酸奶原味杯130g*24,124.0,,5262.56
2026-08-12,拼多多,拼多多,北京酸奶草莓瓶200g*24,7.0,,521.5
2026-08-12,拼多多,拼多多,北京酸奶酸木瓜瓶200g*24,14.0,,1062.46
2026-08-12,拼多多,拼多多,72℃屋型鲜牛乳(490ml*12盒),117.0,,3650.4
2026-08-12,拼多多,拼多多,大大果块桑葚+蓝莓260g*12,87.0,,2495.16
2026-08-12,拼多多,拼多多,大果块草莓+桑葚260g*12,80.0,,2357.6
2026-08-12,拼多多,拼多多,大果块草莓+黄桃260g*12,69.0,,1951.32
2026-08-12,拼多多,拼多多,大果块黄桃+芒果260g*12,80.0,,2236.8
2026-08-12,拼多多,拼多多,蜂蜜,60.0,,0.0
2026-08-12,拼多多,拼多多,雪凝原味盒酸800g*12,110.0,,9458.9
2026-08-12,拼多多,拼多多,雪凝奶皮子酸奶原味800g*12,287.0,,24785.32
2026-08-12,拼多多,拼多多,雪凝炭烧奶皮子杯酸130g*24,680.0,,21120.8
2026-08-12,拼多多,拼多多,雪凝炭烧奶皮子酸奶盒装800g*12,1017.0,,95923.44
2026-08-12,拼多多,拼多多,雪凝茯苓杯装酸奶150g*4*14,250.0,,12675.0
2026-08-12,新零售,新零售,72℃屋型鲜牛乳(950ml*12盒),24.0,,1302.0
2026-08-12,新零售,新零售,72℃鲜牛乳（瓶）900mL,16368.0,,480073.44
2026-08-12,新零售,新零售,中脱（1*12）,1752.0,,53558.64
2026-08-12,新零售,新零售,优选瓶装鲜牛乳(450ml*12瓶),5040.0,,155887.2
2026-08-12,新零售,新零售,全脂桶（1*6）,2208.0,,114065.28
2026-08-12,新零售,新零售,全脂酸牛奶原味(100g*8),588.0,,2745.96
2026-08-12,新零售,新零售,北京酸奶原味四连杯130g*4*6,1128.0,,53715.36
2026-08-12,新零售,新零售,北京酸奶草莓四连杯130g*4*6,516.0,,29566.8
2026-08-12,新零售,新零售,大果块黄桃+芒果260g*12,468.0,,13085.28
2026-08-12,新零售,新零售,天然桶装酸牛奶(1*6),1536.0,,85032.95999999999
2026-08-12,新零售,新零售,小康（1*12）,6516.0,,109859.76
2026-08-12,新零售,新零售,小象有机鲜牛奶950mL*12,11700.0,,760734.0
2026-08-12,新零售,新零售,极致A2鲜奶240*20,920.0,,29412.4
2026-08-12,新零售,新零售,极致A2鲜奶900*6,1332.0,,39200.76
2026-08-12,新零售,新零售,极致有机鲜牛奶 900ML,5064.0,,168074.15999999997
2026-08-12,新零售,新零售,极致有机鲜牛奶240ML,7780.0,,269188.0
2026-08-12,新零售,新零售,特品纯鲜牛奶(1*60),21420.0,,1291840.2
2026-08-12,新零售,新零售,益菌多原味（125g*8*12）,1164.0,,97776.0
2026-08-12,新零售,新零售,益菌多无蔗糖（125g*8*12）,216.0,,19599.84
2026-08-12,新零售,新零售,盒马原味桶酸1.5kg*6,28260.0,,1380501.0
2026-08-12,新零售,新零售,盒马日日鲜A2星期三250mL*20,6420.0,,256800.0
2026-08-12,新零售,新零售,盒马日日鲜星期三950ml,12648.0,,57168.95999999999
2026-08-12,新零售,新零售,盒马有机桶鲜1.5L*6,10998.0,,600270.84
2026-08-12,新零售,新零售,盒马红颜草莓奶450mL*12,3960.0,,157726.8
2026-08-12,新零售,新零售,盒马蓝莓黑加仑冰奶450ml*12,3012.0,,157196.28
2026-08-12,新零售,新零售,简卡原味八连杯100g*8*12,1380.0,,93991.8
2026-08-12,新零售,新零售,简卡原味袋五连包150g*5*10,980.0,,50989.4
2026-08-12,新零售,新零售,老北京杯装酸牛奶(139g*24),960.0,,30384.0
2026-08-12,新零售,新零售,脱脂桶（1*6）,108.0,,5585.76
2026-08-12,新零售,新零售,袋装天然酸奶(180g*60),1320.0,,68956.8
2026-08-12,新零售,新零售,雪凝茯苓杯装酸奶150g*4*14,1722.0,,87305.40000000001
2026-08-12,新零售,新零售,雪凝茯苓杯酸纸箱150g*4*14,3262.0,,175528.22
2026-08-13,京东,京东POP,72℃屋型鲜牛乳(950ml*12盒),72.0,,3906.0
2026-08-13,京东,京东POP,优选鲜牛乳240ml*20,1366.0,,42947.04
2026-08-13,京东,京东POP,优选瓶装鲜牛乳(450ml*12瓶),30.0,,927.9
2026-08-13,京东,京东POP,全脂桶（1*6）,32.0,,1653.12
2026-08-13,京东,京东POP,轻能利乐冠—蓝莓+大麦250g,28.0,,1619.8
2026-08-13,京东,京东POP,轻能利乐冠—黄桃+大麦250g,116.0,,6509.92
2026-08-13,京东,京东POP,三元166风味发酵乳182g*30,45.0,,2950.65
2026-08-13,京东,京东POP,72℃鲜牛乳（瓶）900mL,12.0,,351.96
2026-08-13,京东,京东POP,三元乐活（瓶）200mL*20,134.0,,4135.24
2026-08-13,京东,京东POP,三元乐活950mL*12,84.0,,4786.32
2026-08-13,京东,京东POP,三元晚安奶250mL*20,21.0,,1656.48
2026-08-13,京东,京东POP,极致72℃低脂鲜奶240mL*20,5.0,,170.0
2026-08-13,京东,京东POP,极致A2鲜奶240*20,75.0,,2397.75
2026-08-13,京东,京东POP,极致A2鲜奶900*6,10.0,,294.3
2026-08-13,京东,京东POP,极致有机鲜牛奶 900ML,64.0,,2124.16
2026-08-13,京东,京东POP,极致有机鲜牛奶240ML,327.0,,11314.2
2026-08-13,京东,京东POP,三元真的好巧200mL*20,138.0,,11300.82
2026-08-13,京东,京东POP,三元真的好巧450mL*12,15.0,,1555.2
2026-08-13,京东,京东POP,冰箱贴套装,27.0,,0.0
2026-08-13,京东,京东POP,北京酸奶原味瓶200g*24,60.0,,3411.0
2026-08-13,京东,京东POP,北京酸奶青柠杯130g*24,6.0,,325.44
2026-08-13,京东,京东POP,北京酸奶草莓瓶200g*24,9.0,,670.5
2026-08-13,京东,京东POP,大果块黄桃+芒果260g*12,6.0,,167.76
2026-08-13,京东,京东POP,天然桶装酸牛奶1kg,39.0,,1931.28
2026-08-13,京东,京东POP,极致72℃A2鲜奶240mL*20,23.0,,782.0
2026-08-13,京东,京东POP,简卡原味袋五连包150g*5*10,9.0,,468.27
2026-08-13,京东,京东POP,老北京杯装酸牛奶(139g*24),36.0,,1139.4
2026-08-13,京东,京东POP,雪凝茯苓杯装酸奶150g*4*14,21.0,,1064.7
2026-08-13,京东,京东自营,72℃屋型鲜牛乳(950ml*12盒),1656.0,,89838.0
2026-08-13,京东,京东自营,72℃鲜牛乳（瓶）900mL,816.0,,23933.28
2026-08-13,京东,京东自营,三元乐活(瓶)450mL*12,36.0,,1234.44
2026-08-13,京东,京东自营,三元乐活950mL*12,216.0,,12307.679999999998
2026-08-13,京东,京东自营,三元乐活瓶装高温杀菌乳450mL*6,8.0,,147.92
2026-08-13,京东,京东自营,三元乐活（瓶）200mL*20,1380.0,,42586.8
2026-08-13,京东,京东自营,三元真的好巧200mL*20,100.0,,8189.0
2026-08-13,京东,京东自营,三元老北京酸牛奶（139g*8*4）,72.0,,3641.76
2026-08-13,京东,京东自营,三元草莓黑米三连杯130g*3*8,24.0,,1318.32
2026-08-13,京东,京东自营,三元青提芝士三连杯130g*3*8,32.0,,1874.56
2026-08-13,京东,京东自营,中优选组合装DS(450ml*2*8),480.0,,19113.6
2026-08-13,京东,京东自营,优选瓶装鲜牛乳(450ml*12瓶),516.0,,15959.88
2026-08-13,京东,京东自营,优选鲜牛乳240ml*20,5260.0,,165374.4
2026-08-13,京东,京东自营,全脂桶（1*6）,882.0,,45564.12
2026-08-13,京东,京东自营,天然桶装酸牛奶(1*6),918.0,,50820.48
2026-08-13,京东,京东自营,小康（1*12）,876.0,,14769.36
2026-08-13,京东,京东自营,极致72℃A2鲜奶240mL*20,60.0,,2040.0
2026-08-13,京东,京东自营,极致72℃A2鲜奶900mL*6,6.0,,190.8
2026-08-13,京东,京东自营,极致72℃低脂鲜奶240mL*20,60.0,,2040.0
2026-08-13,京东,京东自营,极致72℃低脂鲜奶900mL*6,6.0,,190.8
2026-08-13,京东,京东自营,极致A2鲜奶240*20,980.0,,31330.6
2026-08-13,京东,京东自营,极致A2鲜奶900*6,390.0,,11477.7
2026-08-13,京东,京东自营,极致有机鲜牛奶 900ML,978.0,,32459.82
2026-08-13,京东,京东自营,极致有机鲜牛奶240ML,820.0,,28372.0
2026-08-13,京东,京东自营,脱脂桶（1*6）,306.0,,15826.32
2026-08-13,京东,京东自营,袋装天然酸奶(180g*60),120.0,,6268.8
2026-08-13,京东,京东自营,轻能利乐冠DSHB-蓝莓+大麦250g*4,126.0,,1278.9
2026-08-13,京东,京东自营,轻能利乐冠DSHB-黄桃+大麦250g*4,150.0,,1476.0
2026-08-13,京东,京东自营,雪凝原味盒酸800g*12,12.0,,1031.88
2026-08-13,京东,京东自营,雪凝奶皮子酸奶原味800g*12,144.0,,12435.84
2026-08-13,其他,其他,优选鲜牛乳240ml*20,30.0,,943.2
2026-08-13,其他,其他,轻能利乐冠—蓝莓+大麦250g,60.0,,3471.0
2026-08-13,其他,其他,轻能利乐冠—黄桃+大麦250g,60.0,,3367.2
2026-08-13,其他,其他,三元乐活（瓶）200mL*20,164.0,,5061.04
2026-08-13,其他,其他,三元乐活(瓶)450mL*12,38.0,,1303.02
2026-08-13,其他,其他,极致A2鲜奶240*20,5.0,,159.85
2026-08-13,其他,其他,极致有机鲜牛奶 900ML,4.0,,132.76
2026-08-13,其他,其他,三元真的好巧200mL*20,5.0,,409.45
2026-08-13,其他,其他,三元草莓黑米三连杯130g*3*8,24.0,,1318.32
2026-08-13,其他,其他,三元青提芝士杯酸130g*24,6.0,,337.62
2026-08-13,其他,其他,三元乐活有机牛乳200mL*20,28.0,,1167.32
2026-08-13,其他,其他,北京酸奶原味杯130g*24,6.0,,254.64
2026-08-13,其他,其他,北京酸奶酸木瓜杯130g*24,6.0,,321.72
2026-08-13,其他,其他,大果块草莓+桑葚260g*12,6.0,,176.82
2026-08-13,其他,其他,大果块草莓+黄桃260g*12,6.0,,169.68
2026-08-13,其他,其他,天然桶装酸牛奶1kg,4.0,,198.08
2026-08-13,其他,其他,系统自动虚拟货品,222.0,,0.0
2026-08-13,其他,其他,雪凝奶皮子酸奶原味800g*12,5.0,,431.8
2026-08-13,其他,其他,雪凝炭烧奶皮子杯酸130g*24,48.0,,1490.88
2026-08-13,其他,其他,雪凝炭烧奶皮子酸奶盒装800g*12,13.0,,1226.16
2026-08-13,其他,其他,雪凝茯苓杯装酸奶150g*4*14,2.0,,101.4
2026-08-13,天猫,猫旗,72℃屋型鲜牛乳(950ml*12盒),31.0,,1681.75
2026-08-13,天猫,猫旗,优选鲜牛乳240ml*20,1766.0,,55523.04
2026-08-13,天猫,猫旗,优选瓶装鲜牛乳(450ml*12瓶),20.0,,618.6
2026-08-13,天猫,猫旗,全脂桶（1*6）,131.0,,6767.459999999999
2026-08-13,天猫,猫旗,轻能利乐冠—蓝莓+大麦250g,11.0,,636.35
2026-08-13,天猫,猫旗,轻能利乐冠—黄桃+大麦250g,10.0,,561.1999999999999
2026-08-13,天猫,猫旗,72℃鲜牛乳（瓶）900mL,47.0,,1378.51
2026-08-13,天猫,猫旗,三元乐活（瓶）200mL*20,1084.0,,33452.24
2026-08-13,天猫,猫旗,三元乐活(瓶)450mL*12,6.0,,205.74
2026-08-13,天猫,猫旗,三元乐活950mL*12,304.0,,17321.92
2026-08-13,天猫,猫旗,三元晚安奶250mL*20,22.0,,1735.36
2026-08-13,天猫,猫旗,极致72℃低脂鲜奶240mL*20,35.0,,1190.0
2026-08-13,天猫,猫旗,极致A2鲜奶240*20,142.0,,4539.74
2026-08-13,天猫,猫旗,极致A2鲜奶900*6,3.0,,88.28999999999999
2026-08-13,天猫,猫旗,极致有机鲜牛奶 900ML,55.0,,1825.45
2026-08-13,天猫,猫旗,极致有机鲜牛奶240ML,95.0,,3287.0
2026-08-13,天猫,猫旗,三元真的好巧200mL*20,32.0,,2620.48
2026-08-13,天猫,猫旗,三元真的好巧450mL*12,2.0,,207.36
2026-08-13,天猫,猫旗,三元草莓黑米杯酸130g*24,8.0,,421.04
2026-08-13,天猫,猫旗,三元青提芝士杯酸130g*24,16.0,,900.32
2026-08-13,天猫,猫旗,三元乐活有机牛乳200mL*20,212.0,,8838.279999999999
2026-08-13,天猫,猫旗,北京酸奶原味瓶200g*24,78.0,,4434.3
2026-08-13,天猫,猫旗,北京酸奶原味杯130g*24,410.0,,17400.399999999998
2026-08-13,天猫,猫旗,北京酸奶青柠杯130g*24,17.0,,922.08
2026-08-13,天猫,猫旗,北京酸奶草莓瓶200g*24,6.0,,447.0
2026-08-13,天猫,猫旗,北京酸奶酸木瓜瓶200g*24,14.0,,1062.46
2026-08-13,天猫,猫旗,北京酸奶青柠瓶200g*24,30.0,,2200.2000000000003
2026-08-13,天猫,猫旗,天然桶装酸牛奶1kg,14.0,,693.2800000000001
2026-08-13,天猫,猫旗,安德鲁蜂蜜,4.0,,0.0
2026-08-13,天猫,猫旗,极致72℃A2鲜奶240mL*20,35.0,,1190.0
2026-08-13,天猫,猫旗,海报,24.0,,0.0
2026-08-13,天猫,猫旗,老北京杯装酸牛奶(139g*24),72.0,,2278.8
2026-08-13,天猫,猫旗,芭芭农场DM单,67.0,,0.0
2026-08-13,天猫,猫旗,雪凝原味盒酸800g*12,7.0,,601.93
2026-08-13,天猫,猫旗,雪凝炭烧奶皮子杯酸130g*24,28.0,,869.68
2026-08-13,天猫,猫旗,雪凝炭烧奶皮子酸奶盒装800g*12,6.0,,565.92
2026-08-13,天猫,猫旗,雪凝茯苓杯装酸奶150g*4*14,41.0,,2078.7000000000003
2026-08-13,天猫,猫超,72℃屋型鲜牛乳(950ml*12盒),22.0,,1193.5
2026-08-13,天猫,猫超,优选鲜牛乳240ml*20,136.0,,4275.84
2026-08-13,天猫,猫超,优选瓶装鲜牛乳(450ml*12瓶),8.0,,247.44
2026-08-13,天猫,猫超,全脂桶（1*6）,14.0,,723.24
2026-08-13,天猫,猫超,轻能利乐冠—蓝莓+大麦250g,8.0,,462.8
2026-08-13,天猫,猫超,轻能利乐冠—黄桃+大麦250g,32.0,,1795.84
2026-08-13,天猫,猫超,72℃鲜牛乳（瓶）900mL,16.0,,469.28
2026-08-13,天猫,猫超,三元乐活（瓶）200mL*20,72.0,,2221.92
2026-08-13,天猫,猫超,三元乐活(瓶)450mL*12,6.0,,205.74
2026-08-13,天猫,猫超,三元乐活950mL*12,64.0,,3646.72
2026-08-13,天猫,猫超,极致A2鲜奶240*20,16.0,,511.52
2026-08-13,天猫,猫超,极致A2鲜奶900*6,6.0,,176.57999999999998
2026-08-13,天猫,猫超,极致有机鲜牛奶 900ML,4.0,,132.76
2026-08-13,天猫,猫超,极致有机鲜牛奶240ML,24.0,,830.4000000000001
2026-08-13,天猫,猫超,三元真的好巧200mL*20,190.0,,15559.1
2026-08-13,天猫,猫超,三元青提芝士杯酸130g*24,9.0,,506.43
2026-08-13,天猫,猫超,北京酸奶原味杯130g*24,10.0,,424.4
2026-08-13,天猫,猫超,北京酸奶青柠杯130g*24,16.0,,867.84
2026-08-13,天猫,猫超,安德鲁蜂蜜,5.0,,0.0
2026-08-13,天猫,猫超,老北京杯装酸牛奶(139g*24),72.0,,2278.8
2026-08-13,天猫,猫超,雪凝茯苓杯装酸奶150g*4*14,21.0,,1064.7
2026-08-13,抖音,抖音,丁禹兮礼盒--2.0(抖音）,2.0,,0.0
2026-08-13,抖音,抖音,优选鲜牛乳240ml*20,59.0,,1854.96
2026-08-13,抖音,抖音,优选瓶装鲜牛乳(450ml*12瓶),138.0,,4268.34
2026-08-13,抖音,抖音,轻能利乐冠—蓝莓+大麦250g,136.0,,7867.6
2026-08-13,抖音,抖音,轻能利乐冠—黄桃+大麦250g,134.0,,7520.08
2026-08-13,抖音,抖音,三元乐活（瓶）200mL*20,5127.0,,158219.22
2026-08-13,抖音,抖音,三元乐活(瓶)450mL*12,6.0,,205.74
2026-08-13,抖音,抖音,三元晚安奶250mL*20,40.0,,3155.2
2026-08-13,抖音,抖音,极致A2鲜奶240*20,94.0,,3005.18
2026-08-13,抖音,抖音,极致A2鲜奶900*6,3.0,,88.28999999999999
2026-08-13,抖音,抖音,极致有机鲜牛奶 900ML,34.0,,1128.46
2026-08-13,抖音,抖音,极致有机鲜牛奶240ML,62.0,,2145.2000000000003
2026-08-13,抖音,抖音,三元真的好巧200mL*20,244.0,,19981.16
2026-08-13,抖音,抖音,三元真的好巧450mL*12,15.0,,1555.2
2026-08-13,抖音,抖音,三元芋你鲜活200mL*20,328.0,,11106.08
2026-08-13,抖音,抖音,三元芋你鲜活450mL*12,42.0,,1622.04
2026-08-13,抖音,抖音,三元草莓黑米杯酸130g*24,798.0,,41998.740000000005
2026-08-13,抖音,抖音,三元青提芝士杯酸130g*24,468.0,,26334.36
2026-08-13,抖音,抖音,北京酸奶原味瓶200g*24,494.0,,28083.9
2026-08-13,抖音,抖音,北京酸奶原味杯130g*24,408.0,,17315.52
2026-08-13,抖音,抖音,北京酸奶草莓杯130g*24,4.0,,206.24
2026-08-13,抖音,抖音,北京酸奶青柠杯130g*24,4.0,,216.96
2026-08-13,抖音,抖音,北京酸奶草莓瓶200g*24,12.0,,894.0
2026-08-13,抖音,抖音,北京酸奶酸木瓜瓶200g*24,12.0,,910.68
2026-08-13,抖音,抖音,北京酸奶青柠瓶200g*24,24.0,,1760.16
2026-08-13,抖音,抖音,极致72℃A2鲜奶240mL*20,18.0,,612.0
2026-08-13,抖音,抖音,海报,76.0,,0.0
2026-08-13,抖音,抖音,烤橙子陈皮爆珠杯酸130g*24,94.0,,5188.8
2026-08-13,抖音,抖音,礼盒,6.0,,0.0
2026-08-13,抖音,抖音,老北京杯装酸牛奶(139g*24),48.0,,1519.1999999999998
2026-08-13,抖音,抖音,语音包2.0,6.0,,0.0
2026-08-13,抖音,抖音,镭射卡,140.0,,0.0
2026-08-13,抖音,抖音,雪凝奶皮子酸奶原味800g*12,1091.0,,94218.76
2026-08-13,抖音,抖音,雪凝炭烧奶皮子杯酸130g*24,132.0,,4099.92
2026-08-13,抖音,抖音,雪凝炭烧奶皮子酸奶盒装800g*12,1841.0,,173643.12
2026-08-13,拼多多,拼多多,100g原味酸奶,6.0,,372.0
2026-08-13,拼多多,拼多多,72℃屋型鲜牛乳(950ml*12盒),207.0,,11229.75
2026-08-13,拼多多,拼多多,优选鲜牛乳240ml*20,436.0,,13707.84
2026-08-13,拼多多,拼多多,优选瓶装鲜牛乳(450ml*12瓶),109.0,,3371.37
2026-08-13,拼多多,拼多多,三元乐活（瓶）200mL*20,10.0,,308.6
2026-08-13,拼多多,拼多多,三元乐活(瓶)450mL*12,249.0,,8538.21
2026-08-13,拼多多,拼多多,三元乐活950mL*12,500.0,,28490.0
2026-08-13,拼多多,拼多多,三元晚安奶250mL*20,38.0,,2997.44
2026-08-13,拼多多,拼多多,极致A2鲜奶240*20,160.0,,5115.2
2026-08-13,拼多多,拼多多,极致A2鲜奶900*6,33.0,,971.19
2026-08-13,拼多多,拼多多,极致有机鲜牛奶 900ML,119.0,,3949.61
2026-08-13,拼多多,拼多多,极致有机鲜牛奶240ML,135.0,,4671.0
2026-08-13,拼多多,拼多多,三元真的好巧200mL*20,104.0,,8516.56
2026-08-13,拼多多,拼多多,三元芋你鲜活450mL*12,39.0,,1506.1799999999998
2026-08-13,拼多多,拼多多,三元青提芝士杯酸130g*24,3.0,,168.81
2026-08-13,拼多多,拼多多,北京酸奶原味瓶200g*24,32.0,,1819.2
2026-08-13,拼多多,拼多多,72℃屋型鲜牛乳(490ml*12盒),62.0,,1934.4
2026-08-13,拼多多,拼多多,大大果块桑葚+蓝莓260g*12,67.0,,1921.56
2026-08-13,拼多多,拼多多,大果块草莓+桑葚260g*12,48.0,,1414.56
2026-08-13,拼多多,拼多多,大果块草莓+黄桃260g*12,45.0,,1272.6
2026-08-13,拼多多,拼多多,大果块黄桃+芒果260g*12,88.0,,2460.48
2026-08-13,拼多多,拼多多,雪凝原味盒酸800g*12,146.0,,12554.54
2026-08-13,拼多多,拼多多,雪凝奶皮子酸奶原味800g*12,254.0,,21935.44
2026-08-13,拼多多,拼多多,雪凝炭烧奶皮子杯酸130g*24,342.0,,10622.52
2026-08-13,拼多多,拼多多,雪凝炭烧奶皮子酸奶盒装800g*12,482.0,,45462.24
2026-08-13,拼多多,拼多多,雪凝茯苓杯装酸奶150g*4*14,178.0,,9024.6
2026-08-13,新零售,新零售,72℃鲜牛乳（瓶）900mL,17118.0,,502070.94
2026-08-13,新零售,新零售,中脱（1*12）,1800.0,,55026.0
2026-08-13,新零售,新零售,优选瓶装鲜牛乳(450ml*12瓶),5604.0,,173331.72
2026-08-13,新零售,新零售,全脂桶（1*6）,2262.0,,116854.92
2026-08-13,新零售,新零售,全脂酸牛奶原味(100g*8),336.0,,1569.12
2026-08-13,新零售,新零售,北京酸奶原味四连杯130g*4*6,582.0,,27714.84
2026-08-13,新零售,新零售,北京酸奶草莓四连杯130g*4*6,522.0,,29910.6
2026-08-13,新零售,新零售,大果块黄桃+芒果260g*12,516.0,,14427.36
2026-08-13,新零售,新零售,天然桶装酸牛奶(1*6),1758.0,,97322.88
2026-08-13,新零售,新零售,小康（1*12）,5616.0,,94685.76
2026-08-13,新零售,新零售,极致A2鲜奶240*20,1000.0,,31970.0
2026-08-13,新零售,新零售,极致A2鲜奶900*6,1470.0,,43262.1
2026-08-13,新零售,新零售,极致有机鲜牛奶 900ML,5340.0,,177234.59999999998
2026-08-13,新零售,新零售,极致有机鲜牛奶240ML,8120.0,,280952.0
2026-08-13,新零售,新零售,特品纯鲜牛奶(1*60),23040.0,,1389542.4
2026-08-13,新零售,新零售,益菌多原味（125g*8*12）,672.0,,56448.0
2026-08-13,新零售,新零售,益菌多无蔗糖（125g*8*12）,384.0,,34844.16
2026-08-13,新零售,新零售,盒马原味桶酸1.5kg*6,30.0,,1465.5
2026-08-13,新零售,新零售,盒马日日鲜A2星期四250mL*20,7420.0,,0.0
2026-08-13,新零售,新零售,盒马日日鲜星期四950ml,13956.0,,63081.12
2026-08-13,新零售,新零售,盒马红颜草莓奶450mL*12,14844.0,,591236.52
2026-08-13,新零售,新零售,盒马蓝莓黑加仑冰奶450ml*12,13104.0,,683897.76
2026-08-13,新零售,新零售,简卡原味八连杯100g*8*12,1812.0,,123415.32
2026-08-13,新零售,新零售,简卡原味袋五连包150g*5*10,490.0,,25494.7
2026-08-13,新零售,新零售,老北京杯装酸牛奶(139g*24),432.0,,13672.8
2026-08-13,新零售,新零售,脱脂桶（1*6）,60.0,,3103.2
2026-08-13,新零售,新零售,袋装天然酸奶(180g*60),1320.0,,68956.8
2026-08-13,新零售,新零售,雪凝茯苓杯装酸奶150g*4*14,1960.0,,99372.0
2026-08-13,新零售,新零售,雪凝茯苓杯酸纸箱150g*4*14,2926.0,,157448.06
2026-08-14,京东,京东POP,72℃屋型鲜牛乳(950ml*12盒),105.0,,5696.25
2026-08-14,京东,京东POP,优选鲜牛乳240ml*20,723.0,,22731.120000000003
2026-08-14,京东,京东POP,优选瓶装鲜牛乳(450ml*12瓶),6.0,,185.58
2026-08-14,京东,京东POP,全脂桶（1*6）,16.0,,826.56
2026-08-14,京东,京东POP,轻能利乐冠—蓝莓+大麦250g,24.0,,1388.4
2026-08-14,京东,京东POP,轻能利乐冠—黄桃+大麦250g,16.0,,897.92
2026-08-14,京东,京东POP,三元166风味发酵乳182g*30,40.0,,2622.8
2026-08-14,京东,京东POP,72℃鲜牛乳（瓶）900mL,40.0,,1173.1999999999998
2026-08-14,京东,京东POP,三元乐活（瓶）200mL*20,11.0,,339.46
2026-08-14,京东,京东POP,三元乐活950mL*12,28.0,,1595.4399999999998
2026-08-14,京东,京东POP,三元晚安奶250mL*20,6.0,,473.28
2026-08-14,京东,京东POP,极致A2鲜奶240*20,204.0,,6521.88
2026-08-14,京东,京东POP,极致A2鲜奶900*6,76.0,,2236.68
2026-08-14,京东,京东POP,极致有机鲜牛奶 900ML,70.0,,2323.3
2026-08-14,京东,京东POP,极致有机鲜牛奶240ML,452.0,,15639.2
2026-08-14,京东,京东POP,三元芋你鲜活450mL*12,33.0,,1274.4599999999998
2026-08-14,京东,京东POP,三元草莓黑米杯酸130g*24,18.0,,947.34
2026-08-14,京东,京东POP,三元青提芝士杯酸130g*24,36.0,,2025.72
2026-08-14,京东,京东POP,冰箱贴套装,24.0,,0.0
2026-08-14,京东,京东POP,北京酸奶原味瓶200g*24,28.0,,1591.8
2026-08-14,京东,京东POP,北京酸奶原味杯130g*24,133.0,,5644.52
2026-08-14,京东,京东POP,北京酸奶草莓杯130g*24,15.0,,773.4000000000001
2026-08-14,京东,京东POP,北京酸奶酸木瓜杯130g*24,12.0,,643.4399999999999
2026-08-14,京东,京东POP,北京酸奶青柠杯130g*24,12.0,,650.88
2026-08-14,京东,京东POP,北京酸奶草莓瓶200g*24,5.0,,372.5
2026-08-14,京东,京东POP,大果块草莓+桑葚260g*12,12.0,,353.64
2026-08-14,京东,京东POP,大果块草莓+黄桃260g*12,6.0,,169.68
2026-08-14,京东,京东POP,天然桶装酸牛奶1kg,56.0,,2773.1200000000003
2026-08-14,京东,京东POP,安德鲁蜂蜜,62.0,,0.0
2026-08-14,京东,京东POP,简卡原味袋五连包150g*5*10,15.0,,780.45
2026-08-14,京东,京东POP,老北京杯装酸牛奶(139g*24),12.0,,379.8
2026-08-14,京东,京东POP,雪凝原味盒酸800g*12,2.0,,171.98
2026-08-14,京东,京东POP,雪凝茯苓杯装酸奶150g*4*14,32.0,,1622.4
2026-08-14,京东,京东自营,72℃屋型鲜牛乳(950ml*12盒),924.0,,50127.0
2026-08-14,京东,京东自营,72℃鲜牛乳（瓶）900mL,540.0,,15838.2
2026-08-14,京东,京东自营,三元乐活(瓶)450mL*12,24.0,,822.96
2026-08-14,京东,京东自营,三元乐活950mL*12,192.0,,10940.16
2026-08-14,京东,京东自营,三元乐活瓶装高温杀菌乳450mL*6,12.0,,221.88
2026-08-14,京东,京东自营,三元乐活（瓶）200mL*20,1220.0,,37649.2
2026-08-14,京东,京东自营,三元晚安奶250mL*20,80.0,,6310.4
2026-08-14,京东,京东自营,三元纯牛奶180mL*12,1200.0,,15888.0
2026-08-14,京东,京东自营,三元老北京酸牛奶（139g*8*4）,44.0,,2225.52
2026-08-14,京东,京东自营,优选鲜牛乳240ml*20,1760.0,,55334.4
2026-08-14,京东,京东自营,全脂桶（1*6）,642.0,,33165.72
2026-08-14,京东,京东自营,天然桶装酸牛奶(1*6),444.0,,24579.84
2026-08-14,京东,京东自营,小康（1*12）,720.0,,12139.2
2026-08-14,京东,京东自营,极致72℃A2鲜奶240mL*20,60.0,,2040.0
2026-08-14,京东,京东自营,极致72℃A2鲜奶900mL*6,12.0,,381.6
2026-08-14,京东,京东自营,极致72℃低脂鲜奶240mL*20,60.0,,2040.0
2026-08-14,京东,京东自营,极致72℃低脂鲜奶900mL*6,12.0,,381.6
2026-08-14,京东,京东自营,极致A2鲜奶240*20,540.0,,17263.8
2026-08-14,京东,京东自营,极致A2鲜奶900*6,984.0,,28959.12
2026-08-14,京东,京东自营,极致有机鲜牛奶 900ML,2754.0,,91405.26
2026-08-14,京东,京东自营,极致有机鲜牛奶240ML,1200.0,,41520.0
2026-08-14,京东,京东自营,脱脂桶（1*6）,150.0,,7758.0
2026-08-14,京东,京东自营,袋装天然酸奶(180g*60),1320.0,,68956.8
2026-08-14,京东,京东自营,轻能利乐冠DSHB-蓝莓+大麦250g*4,108.0,,1096.2
2026-08-14,京东,京东自营,轻能利乐冠DSHB-黄桃+大麦250g*4,108.0,,1062.72
2026-08-14,京东,京东自营,雪凝原味盒酸800g*12,48.0,,4127.52
2026-08-14,京东,京东自营,雪凝奶皮子酸奶原味800g*12,96.0,,8290.56
2026-08-14,其他,其他,72℃屋型鲜牛乳(950ml*12盒),2.0,,108.5
2026-08-14,其他,其他,优选鲜牛乳240ml*20,103.0,,3238.32
2026-08-14,其他,其他,优选瓶装鲜牛乳(450ml*12瓶),21.0,,649.53
2026-08-14,其他,其他,轻能利乐冠—蓝莓+大麦250g,48.0,,2776.8
2026-08-14,其他,其他,轻能利乐冠—黄桃+大麦250g,48.0,,2693.76
2026-08-14,其他,其他,72℃鲜牛乳（瓶）900mL,4.0,,117.32
2026-08-14,其他,其他,极致A2鲜奶240*20,28.0,,895.16
2026-08-14,其他,其他,极致A2鲜奶900*6,5.0,,147.15
2026-08-14,其他,其他,极致有机鲜牛奶 900ML,2.0,,66.38
2026-08-14,其他,其他,极致有机鲜牛奶240ML,17.0,,588.2
2026-08-14,其他,其他,三元青提芝士杯酸130g*24,7.0,,393.89
2026-08-14,其他,其他,北京酸奶原味杯130g*24,36.0,,1527.84
2026-08-14,其他,其他,北京酸奶草莓杯130g*24,48.0,,2474.88
2026-08-14,其他,其他,北京酸奶青柠杯130g*24,6.0,,325.44
2026-08-14,其他,其他,天然桶装酸牛奶1kg,4.0,,198.08
2026-08-14,其他,其他,系统自动虚拟货品,154.0,,0.0
2026-08-14,其他,其他,雪凝原味盒酸800g*12,1.0,,85.99
2026-08-14,其他,其他,雪凝奶皮子酸奶原味800g*12,4.0,,345.44
2026-08-14,其他,其他,雪凝炭烧奶皮子酸奶盒装800g*12,11.0,,1037.52
2026-08-14,天猫,猫旗,72℃屋型鲜牛乳(950ml*12盒),37.0,,2007.25
2026-08-14,天猫,猫旗,优选鲜牛乳240ml*20,2029.0,,63791.76
2026-08-14,天猫,猫旗,优选瓶装鲜牛乳(450ml*12瓶),30.0,,927.9
2026-08-14,天猫,猫旗,全脂桶（1*6）,90.0,,4649.4
2026-08-14,天猫,猫旗,轻能利乐冠—蓝莓+大麦250g,11.0,,636.35
2026-08-14,天猫,猫旗,轻能利乐冠—黄桃+大麦250g,10.0,,561.1999999999999
2026-08-14,天猫,猫旗,三元166风味发酵乳182g*30,5.0,,327.85
2026-08-14,天猫,猫旗,72℃鲜牛乳（瓶）900mL,184.0,,5396.719999999999
2026-08-14,天猫,猫旗,三元乐活（瓶）200mL*20,879.0,,27125.94
2026-08-14,天猫,猫旗,三元乐活950mL*12,270.0,,15384.6
2026-08-14,天猫,猫旗,三元晚安奶250mL*20,10.0,,788.8
2026-08-14,天猫,猫旗,极致72℃低脂鲜奶240mL*20,1.0,,34.0
2026-08-14,天猫,猫旗,极致72℃低脂鲜奶900mL*6,1.0,,31.8
2026-08-14,天猫,猫旗,极致A2鲜奶240*20,207.0,,6617.79
2026-08-14,天猫,猫旗,极致A2鲜奶900*6,10.0,,294.3
2026-08-14,天猫,猫旗,极致有机鲜牛奶 900ML,40.0,,1327.6
2026-08-14,天猫,猫旗,极致有机鲜牛奶240ML,186.0,,6435.6
2026-08-14,天猫,猫旗,三元真的好巧200mL*20,426.0,,34885.14
2026-08-14,天猫,猫旗,三元真的好巧450mL*12,62.0,,6428.160000000001
2026-08-14,天猫,猫旗,三元芋你鲜活200mL*20,20.0,,677.2
2026-08-14,天猫,猫旗,三元芋你鲜活450mL*12,4.0,,154.48
2026-08-14,天猫,猫旗,三元草莓黑米杯酸130g*24,76.0,,3999.88
2026-08-14,天猫,猫旗,三元青提芝士杯酸130g*24,74.0,,4163.9800000000005
2026-08-14,天猫,猫旗,三元乐活有机牛乳200mL*20,76.0,,3168.44
2026-08-14,天猫,猫旗,北京酸奶原味瓶200g*24,90.0,,5116.5
2026-08-14,天猫,猫旗,北京酸奶原味杯130g*24,2363.0,,100285.72
2026-08-14,天猫,猫旗,北京酸奶草莓杯130g*24,32.0,,1649.92
2026-08-14,天猫,猫旗,北京酸奶酸木瓜杯130g*24,15.0,,804.3
2026-08-14,天猫,猫旗,北京酸奶青柠杯130g*24,22.0,,1193.28
2026-08-14,天猫,猫旗,北京酸奶草莓瓶200g*24,2.0,,149.0
2026-08-14,天猫,猫旗,北京酸奶酸木瓜瓶200g*24,26.0,,1973.14
2026-08-14,天猫,猫旗,北京酸奶青柠瓶200g*24,30.0,,2200.2000000000003
2026-08-14,天猫,猫旗,大大果块桑葚+蓝莓260g*12,4.0,,114.72
2026-08-14,天猫,猫旗,大果块草莓+桑葚260g*12,22.0,,648.3399999999999
2026-08-14,天猫,猫旗,大果块草莓+黄桃260g*12,4.0,,113.12
2026-08-14,天猫,猫旗,大果块黄桃+芒果260g*12,16.0,,447.36
2026-08-14,天猫,猫旗,天然桶装酸牛奶1kg,26.0,,1287.52
2026-08-14,天猫,猫旗,安德鲁蜂蜜,112.0,,0.0
2026-08-14,天猫,猫旗,海报,48.0,,0.0
2026-08-14,天猫,猫旗,简卡原味袋五连包150g*5*10,16.0,,832.48
2026-08-14,天猫,猫旗,老北京杯装酸牛奶(139g*24),208.0,,6583.2
2026-08-14,天猫,猫旗,芭芭农场DM单,356.0,,0.0
2026-08-14,天猫,猫旗,雪凝炭烧奶皮子杯酸130g*24,40.0,,1242.4
2026-08-14,天猫,猫旗,雪凝茯苓杯装酸奶150g*4*14,92.0,,4664.400000000001
2026-08-14,天猫,猫超,72℃屋型鲜牛乳(950ml*12盒),34.0,,1844.5
2026-08-14,天猫,猫超,优选鲜牛乳240ml*20,146.0,,4590.24
2026-08-14,天猫,猫超,优选瓶装鲜牛乳(450ml*12瓶),2.0,,61.86
2026-08-14,天猫,猫超,全脂桶（1*6）,16.0,,826.56
2026-08-14,天猫,猫超,轻能利乐冠—蓝莓+大麦250g,16.0,,925.6
2026-08-14,天猫,猫超,轻能利乐冠—黄桃+大麦250g,72.0,,4040.64
2026-08-14,天猫,猫超,72℃鲜牛乳（瓶）900mL,12.0,,351.96
2026-08-14,天猫,猫超,三元乐活（瓶）200mL*20,90.0,,2777.4
2026-08-14,天猫,猫超,三元乐活950mL*12,68.0,,3874.64
2026-08-14,天猫,猫超,极致A2鲜奶240*20,32.0,,1023.04
2026-08-14,天猫,猫超,极致A2鲜奶900*6,4.0,,117.72
2026-08-14,天猫,猫超,极致有机鲜牛奶 900ML,14.0,,464.66
2026-08-14,天猫,猫超,极致有机鲜牛奶240ML,24.0,,830.4000000000001
2026-08-14,天猫,猫超,三元真的好巧200mL*20,175.0,,14330.75
2026-08-14,天猫,猫超,北京酸奶原味杯130g*24,36.0,,1527.84
2026-08-14,天猫,猫超,安德鲁蜂蜜,18.0,,0.0
2026-08-14,天猫,猫超,老北京杯装酸牛奶(139g*24),96.0,,3038.4
2026-08-14,天猫,猫超,雪凝茯苓杯装酸奶150g*4*14,12.0,,608.4000000000001
2026-08-14,抖音,抖音,丁禹兮礼盒--2.0(抖音）,3.0,,0.0
2026-08-14,抖音,抖音,优选鲜牛乳240ml*20,261.0,,8205.84
2026-08-14,抖音,抖音,优选瓶装鲜牛乳(450ml*12瓶),310.0,,9588.3
2026-08-14,抖音,抖音,轻能利乐冠—蓝莓+大麦250g,160.0,,9256.0
2026-08-14,抖音,抖音,轻能利乐冠—黄桃+大麦250g,160.0,,8979.199999999999
2026-08-14,抖音,抖音,三元乐活（瓶）200mL*20,5050.0,,155843.0
2026-08-14,抖音,抖音,三元乐活(瓶)450mL*12,8.0,,274.32
2026-08-14,抖音,抖音,三元晚安奶250mL*20,16.0,,1262.08
2026-08-14,抖音,抖音,极致A2鲜奶240*20,57.0,,1822.29
2026-08-14,抖音,抖音,极致A2鲜奶900*6,9.0,,264.87
2026-08-14,抖音,抖音,极致有机鲜牛奶 900ML,10.0,,331.9
2026-08-14,抖音,抖音,极致有机鲜牛奶240ML,189.0,,6539.400000000001
2026-08-14,抖音,抖音,三元真的好巧200mL*20,52.0,,4258.28
2026-08-14,抖音,抖音,三元真的好巧450mL*12,28.0,,2903.04
2026-08-14,抖音,抖音,三元芋你鲜活200mL*20,400.0,,13544.0
2026-08-14,抖音,抖音,三元芋你鲜活450mL*12,84.0,,3244.08
2026-08-14,抖音,抖音,三元草莓黑米杯酸130g*24,1148.0,,60419.240000000005
2026-08-14,抖音,抖音,三元青提芝士杯酸130g*24,483.0,,27178.41
2026-08-14,抖音,抖音,北京酸奶原味瓶200g*24,434.0,,24672.9
2026-08-14,抖音,抖音,北京酸奶原味杯130g*24,15388.0,,653066.72
2026-08-14,抖音,抖音,北京酸奶草莓杯130g*24,494.0,,25470.64
2026-08-14,抖音,抖音,北京酸奶酸木瓜杯130g*24,48.0,,2573.76
2026-08-14,抖音,抖音,北京酸奶青柠杯130g*24,62.0,,3362.88
2026-08-14,抖音,抖音,北京酸奶草莓瓶200g*24,27.0,,2011.5
2026-08-14,抖音,抖音,北京酸奶青柠瓶200g*24,12.0,,880.08
2026-08-14,抖音,抖音,极致72℃A2鲜奶240mL*20,22.0,,748.0
2026-08-14,抖音,抖音,海报,58.0,,0.0
2026-08-14,抖音,抖音,烤橙子陈皮爆珠杯酸130g*24,156.0,,8611.2
2026-08-14,抖音,抖音,礼盒,6.0,,0.0
2026-08-14,抖音,抖音,老北京杯装酸牛奶(139g*24),24.0,,759.5999999999999
2026-08-14,抖音,抖音,蜂蜜,571.0,,0.0
2026-08-14,抖音,抖音,语音包2.0,4.0,,0.0
2026-08-14,抖音,抖音,镭射卡,128.0,,0.0
2026-08-14,抖音,抖音,雪凝奶皮子酸奶原味800g*12,2629.0,,227040.44
2026-08-14,抖音,抖音,雪凝炭烧奶皮子杯酸130g*24,114.0,,3540.84
2026-08-14,抖音,抖音,雪凝炭烧奶皮子酸奶盒装800g*12,6305.0,,594687.6
2026-08-14,拼多多,拼多多,100g原味酸奶,9.0,,558.0
2026-08-14,拼多多,拼多多,72℃屋型鲜牛乳(950ml*12盒),258.0,,13996.5
2026-08-14,拼多多,拼多多,优选鲜牛乳240ml*20,700.0,,22008.0
2026-08-14,拼多多,拼多多,优选瓶装鲜牛乳(450ml*12瓶),280.0,,8660.4
2026-08-14,拼多多,拼多多,轻能利乐冠—蓝莓+大麦250g,6.0,,347.1
2026-08-14,拼多多,拼多多,轻能利乐冠—黄桃+大麦250g,14.0,,785.68
2026-08-14,拼多多,拼多多,72℃鲜牛乳（瓶）900mL,937.0,,27482.21
2026-08-14,拼多多,拼多多,三元乐活(瓶)450mL*12,114.0,,3909.06
2026-08-14,拼多多,拼多多,三元乐活950mL*12,136.0,,7749.28
2026-08-14,拼多多,拼多多,三元晚安奶250mL*20,46.0,,3628.48
2026-08-14,拼多多,拼多多,极致A2鲜奶240*20,78.0,,2493.66
2026-08-14,拼多多,拼多多,极致A2鲜奶900*6,116.0,,3413.88
2026-08-14,拼多多,拼多多,极致有机鲜牛奶 900ML,120.0,,3982.8
2026-08-14,拼多多,拼多多,极致有机鲜牛奶240ML,220.0,,7612.0
2026-08-14,拼多多,拼多多,三元真的好巧200mL*20,77.0,,6305.53
2026-08-14,拼多多,拼多多,三元芋你鲜活450mL*12,112.0,,4325.44
2026-08-14,拼多多,拼多多,三元草莓黑米杯酸130g*24,1.0,,52.63
2026-08-14,拼多多,拼多多,三元青提芝士杯酸130g*24,9.0,,506.43
2026-08-14,拼多多,拼多多,北京酸奶原味瓶200g*24,64.0,,3638.4
2026-08-14,拼多多,拼多多,北京酸奶原味杯130g*24,168.0,,7129.92
2026-08-14,拼多多,拼多多,北京酸奶青柠杯130g*24,28.0,,1518.72
2026-08-14,拼多多,拼多多,北京酸奶酸木瓜瓶200g*24,18.0,,1366.02
2026-08-14,拼多多,拼多多,72℃屋型鲜牛乳(490ml*12盒),74.0,,2308.8
2026-08-14,拼多多,拼多多,大大果块桑葚+蓝莓260g*12,65.0,,1864.2
2026-08-14,拼多多,拼多多,大果块草莓+桑葚260g*12,92.0,,2711.24
2026-08-14,拼多多,拼多多,大果块草莓+黄桃260g*12,71.0,,2007.88
2026-08-14,拼多多,拼多多,大果块黄桃+芒果260g*12,118.0,,3299.28
2026-08-14,拼多多,拼多多,极致72℃A2鲜奶240mL*20,45.0,,1530.0
2026-08-14,拼多多,拼多多,蜂蜜,84.0,,0.0
2026-08-14,拼多多,拼多多,雪凝原味盒酸800g*12,44.0,,3783.56
2026-08-14,拼多多,拼多多,雪凝奶皮子酸奶原味800g*12,171.0,,14767.56
2026-08-14,拼多多,拼多多,雪凝炭烧奶皮子杯酸130g*24,274.0,,8510.44
2026-08-14,拼多多,拼多多,雪凝炭烧奶皮子酸奶盒装800g*12,579.0,,54611.28
2026-08-14,拼多多,拼多多,雪凝茯苓杯装酸奶150g*4*14,152.0,,7706.400000000001
2026-08-14,新零售,新零售,72℃屋型鲜牛乳(950ml*12盒),24.0,,1302.0
2026-08-14,新零售,新零售,72℃鲜牛乳（瓶）900mL,17952.0,,526532.1599999999
2026-08-14,新零售,新零售,中脱（1*12）,1332.0,,40719.24
2026-08-14,新零售,新零售,优选瓶装鲜牛乳(450ml*12瓶),4596.0,,142154.28
2026-08-14,新零售,新零售,全脂桶（1*6）,2622.0,,135452.52
2026-08-14,新零售,新零售,全脂酸牛奶原味(100g*8),396.0,,1849.32
2026-08-14,新零售,新零售,北京酸奶原味四连杯130g*4*6,330.0,,15714.6
2026-08-14,新零售,新零售,北京酸奶草莓四连杯130g*4*6,348.0,,19940.4
2026-08-14,新零售,新零售,大果块黄桃+芒果260g*12,1032.0,,28854.72
2026-08-14,新零售,新零售,天然桶装酸牛奶(1*6),2850.0,,157776.0
2026-08-14,新零售,新零售,小康（1*12）,8904.0,,150121.44
2026-08-14,新零售,新零售,小象有机鲜牛奶950mL*12,12396.0,,805987.9199999999
2026-08-14,新零售,新零售,极致A2鲜奶240*20,1100.0,,35167.0
2026-08-14,新零售,新零售,极致A2鲜奶900*6,912.0,,26840.16
2026-08-14,新零售,新零售,极致有机鲜牛奶 900ML,4860.0,,161303.4
2026-08-14,新零售,新零售,极致有机鲜牛奶240ML,6620.0,,229052.0
2026-08-14,新零售,新零售,特品纯鲜牛奶(1*60),25500.0,,1537905.0
2026-08-14,新零售,新零售,益菌多原味（125g*8*12）,1608.0,,135072.0
2026-08-14,新零售,新零售,益菌多无蔗糖（125g*8*12）,720.0,,65332.8
2026-08-14,新零售,新零售,盒马原味桶酸1.5kg*6,30906.0,,1509758.1
2026-08-14,新零售,新零售,盒马日日鲜A2星期五250mL*20,9880.0,,0.0
2026-08-14,新零售,新零售,盒马日日鲜星期五950ml,11700.0,,52883.99999999999
2026-08-14,新零售,新零售,盒马有机桶鲜1.5L*6,10842.0,,591756.36
2026-08-14,新零售,新零售,盒马红颜草莓奶450mL*12,5088.0,,202655.04
2026-08-14,新零售,新零售,盒马蓝莓黑加仑冰奶450ml*12,3936.0,,205419.84
2026-08-14,新零售,新零售,简卡原味八连杯100g*8*12,2160.0,,147117.6
2026-08-14,新零售,新零售,简卡原味袋五连包150g*5*10,1030.0,,53590.9
2026-08-14,新零售,新零售,老北京杯装酸牛奶(139g*24),792.0,,25066.8
2026-08-14,新零售,新零售,脱脂桶（1*6）,120.0,,6206.4
2026-08-14,新零售,新零售,袋装天然酸奶(180g*60),2280.0,,119107.2
2026-08-14,新零售,新零售,雪凝茯苓杯装酸奶150g*4*14,3346.0,,169642.2
2026-08-14,新零售,新零售,雪凝茯苓杯酸纸箱150g*4*14,3234.0,,174021.54
2026-08-15,京东,京东POP,72℃屋型鲜牛乳(950ml*12盒),138.0,,7486.5
2026-08-15,京东,京东POP,优选鲜牛乳240ml*20,541.0,,17009.04
2026-08-15,京东,京东POP,优选瓶装鲜牛乳(450ml*12瓶),30.0,,927.9
2026-08-15,京东,京东POP,全脂桶（1*6）,80.0,,4132.799999999999
2026-08-15,京东,京东POP,轻能利乐冠—蓝莓+大麦250g,44.0,,2545.4
2026-08-15,京东,京东POP,轻能利乐冠—黄桃+大麦250g,72.0,,4040.64
2026-08-15,京东,京东POP,三元166风味发酵乳182g*30,25.0,,1639.2499999999998
2026-08-15,京东,京东POP,72℃鲜牛乳（瓶）900mL,24.0,,703.92
2026-08-15,京东,京东POP,三元乐活（瓶）200mL*20,158.0,,4875.88
2026-08-15,京东,京东POP,三元乐活(瓶)450mL*12,38.0,,1303.02
2026-08-15,京东,京东POP,三元乐活950mL*12,28.0,,1595.4399999999998
2026-08-15,京东,京东POP,三元晚安奶250mL*20,30.0,,2366.4
2026-08-15,京东,京东POP,极致A2鲜奶240*20,85.0,,2717.45
2026-08-15,京东,京东POP,极致A2鲜奶900*6,63.0,,1854.09
2026-08-15,京东,京东POP,极致有机鲜牛奶 900ML,81.0,,2688.39
2026-08-15,京东,京东POP,极致有机鲜牛奶240ML,568.0,,19652.8
2026-08-15,京东,京东POP,三元真的好巧200mL*20,175.0,,14330.75
2026-08-15,京东,京东POP,三元真的好巧450mL*12,6.0,,622.08
2026-08-15,京东,京东POP,三元草莓黑米杯酸130g*24,24.0,,1263.12
2026-08-15,京东,京东POP,三元青提芝士杯酸130g*24,18.0,,1012.86
2026-08-15,京东,京东POP,冰箱贴套装,41.0,,0.0
2026-08-15,京东,京东POP,北京酸奶原味杯130g*24,96.0,,4074.24
2026-08-15,京东,京东POP,北京酸奶草莓瓶200g*24,40.0,,2980.0
2026-08-15,京东,京东POP,天然桶装酸牛奶1kg,92.0,,4555.84
2026-08-15,京东,京东POP,安德鲁蜂蜜,48.0,,0.0
2026-08-15,京东,京东POP,极致72℃A2鲜奶900mL*6,2.0,,63.6
2026-08-15,京东,京东POP,简卡原味袋五连包150g*5*10,6.0,,312.18
2026-08-15,京东,京东POP,雪凝原味盒酸800g*12,7.0,,601.93
2026-08-15,京东,京东POP,雪凝奶皮子酸奶原味800g*12,2.0,,172.72
2026-08-15,京东,京东POP,雪凝炭烧奶皮子酸奶盒装800g*12,4.0,,377.28
2026-08-15,京东,京东POP,雪凝茯苓杯装酸奶150g*4*14,24.0,,1216.8000000000002
2026-08-15,京东,京东自营,72℃屋型鲜牛乳(950ml*12盒),1788.0,,96999.0
2026-08-15,京东,京东自营,72℃鲜牛乳（瓶）900mL,954.0,,27980.82
2026-08-15,京东,京东自营,三元乐活950mL*12,288.0,,16410.239999999998
2026-08-15,京东,京东自营,三元乐活瓶装高温杀菌乳450mL*6,4.0,,73.96
2026-08-15,京东,京东自营,三元乐活（瓶）200mL*20,200.0,,6172.0
2026-08-15,京东,京东自营,三元真的好巧200mL*20,140.0,,11464.6
2026-08-15,京东,京东自营,三元纯牛奶180mL*12,420.0,,5560.8
2026-08-15,京东,京东自营,三元老北京酸牛奶（139g*8*4）,64.0,,3237.12
2026-08-15,京东,京东自营,三元芋你鲜活450mL*12,180.0,,6951.599999999999
2026-08-15,京东,京东自营,中优选组合装DS(450ml*2*8),480.0,,19113.6
2026-08-15,京东,京东自营,优选瓶装鲜牛乳(450ml*12瓶),372.0,,11505.96
2026-08-15,京东,京东自营,优选鲜牛乳240ml*20,4140.0,,130161.6
2026-08-15,京东,京东自营,全脂桶（1*6）,1176.0,,60752.16
2026-08-15,京东,京东自营,北京酸奶原味杯130g*24,696.0,,29538.24
2026-08-15,京东,京东自营,北京酸奶草莓杯130g*24,264.0,,13611.84
2026-08-15,京东,京东自营,北京酸奶酸木瓜杯130g*24,168.0,,9008.16
2026-08-15,京东,京东自营,北京酸奶青柠杯130g*24,168.0,,9112.32
2026-08-15,京东,京东自营,天然桶装酸牛奶(1*6),612.0,,33880.32
2026-08-15,京东,京东自营,小康（1*12）,1404.0,,23671.44
2026-08-15,京东,京东自营,极致72℃A2鲜奶900mL*6,6.0,,190.8
2026-08-15,京东,京东自营,极致72℃低脂鲜奶900mL*6,6.0,,190.8
2026-08-15,京东,京东自营,极致A2鲜奶240*20,1460.0,,46676.2
2026-08-15,京东,京东自营,极致A2鲜奶900*6,468.0,,13773.24
2026-08-15,京东,京东自营,极致有机鲜牛奶 900ML,1128.0,,37438.32
2026-08-15,京东,京东自营,极致有机鲜牛奶240ML,860.0,,29756.0
2026-08-15,京东,京东自营,脱脂桶（1*6）,294.0,,15205.68
2026-08-15,京东,京东自营,袋装天然酸奶(180g*60),1440.0,,75225.6
2026-08-15,京东,京东自营,雪凝原味盒酸800g*12,108.0,,9286.92
2026-08-15,京东,京东自营,雪凝奶皮子酸奶原味800g*12,156.0,,13472.16
2026-08-15,其他,其他,优选鲜牛乳240ml*20,87.0,,2735.28
2026-08-15,其他,其他,优选瓶装鲜牛乳(450ml*12瓶),9.0,,278.37
2026-08-15,其他,其他,轻能利乐冠—蓝莓+大麦250g,42.0,,2429.7000000000003
2026-08-15,其他,其他,轻能利乐冠—黄桃+大麦250g,42.0,,2357.04
2026-08-15,其他,其他,极致72℃低脂鲜奶900mL*6,2.0,,63.6
2026-08-15,其他,其他,极致A2鲜奶240*20,29.0,,927.13
2026-08-15,其他,其他,极致有机鲜牛奶 900ML,4.0,,132.76
2026-08-15,其他,其他,极致有机鲜牛奶240ML,5.0,,173.0
2026-08-15,其他,其他,北京酸奶原味杯130g*24,28.0,,1188.32
2026-08-15,其他,其他,北京酸奶草莓杯130g*24,10.0,,515.6
2026-08-15,其他,其他,北京酸奶酸木瓜杯130g*24,7.0,,375.34
2026-08-15,其他,其他,北京酸奶青柠杯130g*24,7.0,,379.68
2026-08-15,其他,其他,安德鲁蜂蜜,6.0,,0.0
2026-08-15,其他,其他,系统自动虚拟货品,20.0,,0.0
2026-08-15,其他,其他,雪凝奶皮子酸奶原味800g*12,12.0,,1036.32
2026-08-15,其他,其他,雪凝炭烧奶皮子杯酸130g*24,12.0,,372.72
2026-08-15,其他,其他,雪凝炭烧奶皮子酸奶盒装800g*12,10.0,,943.2
2026-08-15,天猫,猫旗,72℃屋型鲜牛乳(950ml*12盒),31.0,,1681.75
2026-08-15,天猫,猫旗,优选鲜牛乳240ml*20,2087.0,,65615.28
2026-08-15,天猫,猫旗,优选瓶装鲜牛乳(450ml*12瓶),27.0,,835.11
2026-08-15,天猫,猫旗,全脂桶（1*6）,358.0,,18494.28
2026-08-15,天猫,猫旗,轻能利乐冠—蓝莓+大麦250g,8.0,,462.8
2026-08-15,天猫,猫旗,轻能利乐冠—黄桃+大麦250g,2.0,,112.24
2026-08-15,天猫,猫旗,三元166风味发酵乳182g*30,5.0,,327.85
2026-08-15,天猫,猫旗,72℃鲜牛乳（瓶）900mL,145.0,,4252.849999999999
2026-08-15,天猫,猫旗,三元乐活（瓶）200mL*20,2206.0,,68077.16
2026-08-15,天猫,猫旗,三元乐活(瓶)450mL*12,10.0,,342.9
2026-08-15,天猫,猫旗,三元乐活950mL*12,242.0,,13789.16
2026-08-15,天猫,猫旗,三元晚安奶250mL*20,4.0,,315.52
2026-08-15,天猫,猫旗,极致72℃低脂鲜奶240mL*20,21.0,,714.0
2026-08-15,天猫,猫旗,极致72℃低脂鲜奶900mL*6,2.0,,63.6
2026-08-15,天猫,猫旗,极致A2鲜奶240*20,207.0,,6617.79
2026-08-15,天猫,猫旗,极致A2鲜奶900*6,2.0,,58.86
2026-08-15,天猫,猫旗,极致有机鲜牛奶 900ML,69.0,,2290.11
2026-08-15,天猫,猫旗,极致有机鲜牛奶240ML,307.0,,10622.2
2026-08-15,天猫,猫旗,三元真的好巧200mL*20,409.0,,33493.01
2026-08-15,天猫,猫旗,三元真的好巧450mL*12,34.0,,3525.1200000000003
2026-08-15,天猫,猫旗,三元草莓黑米杯酸130g*24,32.0,,1684.16
2026-08-15,天猫,猫旗,三元青提芝士杯酸130g*24,48.0,,2700.96
2026-08-15,天猫,猫旗,三元乐活有机牛乳200mL*20,70.0,,2918.3
2026-08-15,天猫,猫旗,北京酸奶原味瓶200g*24,20.0,,1137.0
2026-08-15,天猫,猫旗,北京酸奶原味杯130g*24,1748.0,,74185.12
2026-08-15,天猫,猫旗,北京酸奶草莓杯130g*24,33.0,,1701.48
2026-08-15,天猫,猫旗,北京酸奶酸木瓜杯130g*24,12.0,,643.4399999999999
2026-08-15,天猫,猫旗,北京酸奶青柠杯130g*24,12.0,,650.88
2026-08-15,天猫,猫旗,北京酸奶草莓瓶200g*24,4.0,,298.0
2026-08-15,天猫,猫旗,北京酸奶酸木瓜瓶200g*24,30.0,,2276.7
2026-08-15,天猫,猫旗,北京酸奶青柠瓶200g*24,10.0,,733.4000000000001
2026-08-15,天猫,猫旗,大果块草莓+桑葚260g*12,32.0,,943.04
2026-08-15,天猫,猫旗,大果块黄桃+芒果260g*12,32.0,,894.72
2026-08-15,天猫,猫旗,天然桶装酸牛奶1kg,48.0,,2376.96
2026-08-15,天猫,猫旗,安德鲁蜂蜜,109.0,,0.0
2026-08-15,天猫,猫旗,极致72℃A2鲜奶240mL*20,39.0,,1326.0
2026-08-15,天猫,猫旗,海报,47.0,,0.0
2026-08-15,天猫,猫旗,简卡原味袋五连包150g*5*10,14.0,,728.4200000000001
2026-08-15,天猫,猫旗,老北京杯装酸牛奶(139g*24),152.0,,4810.8
2026-08-15,天猫,猫旗,芭芭农场DM单,253.0,,0.0
2026-08-15,天猫,猫旗,雪凝原味盒酸800g*12,8.0,,687.92
2026-08-15,天猫,猫旗,雪凝奶皮子酸奶原味800g*12,45.0,,3886.2
2026-08-15,天猫,猫旗,雪凝炭烧奶皮子杯酸130g*24,37.0,,1149.22
2026-08-15,天猫,猫旗,雪凝炭烧奶皮子酸奶盒装800g*12,56.0,,5281.92
2026-08-15,天猫,猫旗,雪凝茯苓杯装酸奶150g*4*14,94.0,,4765.8
2026-08-15,天猫,猫超,72℃屋型鲜牛乳(950ml*12盒),28.0,,1519.0
2026-08-15,天猫,猫超,优选鲜牛乳240ml*20,160.0,,5030.400000000001
2026-08-15,天猫,猫超,优选瓶装鲜牛乳(450ml*12瓶),2.0,,61.86
2026-08-15,天猫,猫超,全脂桶（1*6）,10.0,,516.5999999999999
2026-08-15,天猫,猫超,轻能利乐冠—蓝莓+大麦250g,40.0,,2314.0
2026-08-15,天猫,猫超,轻能利乐冠—黄桃+大麦250g,104.0,,5836.48
2026-08-15,天猫,猫超,72℃鲜牛乳（瓶）900mL,6.0,,175.98
2026-08-15,天猫,猫超,三元乐活（瓶）200mL*20,28.0,,864.0799999999999
2026-08-15,天猫,猫超,三元乐活(瓶)450mL*12,6.0,,205.74
2026-08-15,天猫,猫超,三元乐活950mL*12,204.0,,11623.92
2026-08-15,天猫,猫超,极致A2鲜奶240*20,21.0,,671.37
2026-08-15,天猫,猫超,极致A2鲜奶900*6,2.0,,58.86
2026-08-15,天猫,猫超,极致有机鲜牛奶 900ML,6.0,,199.14
2026-08-15,天猫,猫超,极致有机鲜牛奶240ML,8.0,,276.8
2026-08-15,天猫,猫超,三元真的好巧200mL*20,165.0,,13511.85
2026-08-15,天猫,猫超,三元青提芝士杯酸130g*24,9.0,,506.43
2026-08-15,天猫,猫超,北京酸奶原味杯130g*24,56.0,,2376.64
2026-08-15,天猫,猫超,安德鲁蜂蜜,28.0,,0.0
2026-08-15,天猫,猫超,极致72℃A2鲜奶240mL*20,5.0,,170.0
2026-08-15,天猫,猫超,极致72℃A2鲜奶900mL*6,1.0,,31.8
2026-08-15,天猫,猫超,老北京杯装酸牛奶(139g*24),168.0,,5317.2
2026-08-15,天猫,猫超,雪凝茯苓杯装酸奶150g*4*14,24.0,,1216.8000000000002
2026-08-15,抖音,抖音,丁禹兮礼盒--2.0(抖音）,2.0,,0.0
2026-08-15,抖音,抖音,优选鲜牛乳240ml*20,113.0,,3552.7200000000003
2026-08-15,抖音,抖音,优选瓶装鲜牛乳(450ml*12瓶),785.0,,24280.05
2026-08-15,抖音,抖音,轻能利乐冠—蓝莓+大麦250g,72.0,,4165.2
2026-08-15,抖音,抖音,轻能利乐冠—黄桃+大麦250g,78.0,,4377.36
2026-08-15,抖音,抖音,三元乐活（瓶）200mL*20,6276.0,,193677.36
2026-08-15,抖音,抖音,三元乐活(瓶)450mL*12,34.0,,1165.86
2026-08-15,抖音,抖音,三元晚安奶250mL*20,16.0,,1262.08
2026-08-15,抖音,抖音,极致A2鲜奶240*20,22.0,,703.3399999999999
2026-08-15,抖音,抖音,极致A2鲜奶900*6,6.0,,176.57999999999998
2026-08-15,抖音,抖音,极致有机鲜牛奶 900ML,12.0,,398.28
2026-08-15,抖音,抖音,极致有机鲜牛奶240ML,282.0,,9757.2
2026-08-15,抖音,抖音,三元真的好巧200mL*20,40.0,,3275.6
2026-08-15,抖音,抖音,三元真的好巧450mL*12,44.0,,4561.92
2026-08-15,抖音,抖音,三元芋你鲜活200mL*20,304.0,,10293.44
2026-08-15,抖音,抖音,三元芋你鲜活450mL*12,18.0,,695.16
2026-08-15,抖音,抖音,三元草莓黑米杯酸130g*24,465.0,,24472.95
2026-08-15,抖音,抖音,三元青提芝士杯酸130g*24,148.0,,8327.960000000001
2026-08-15,抖音,抖音,北京酸奶原味瓶200g*24,530.0,,30130.5
2026-08-15,抖音,抖音,北京酸奶原味杯130g*24,3777.0,,160295.88
2026-08-15,抖音,抖音,北京酸奶草莓杯130g*24,239.0,,12322.84
2026-08-15,抖音,抖音,北京酸奶酸木瓜杯130g*24,31.0,,1662.22
2026-08-15,抖音,抖音,北京酸奶青柠杯130g*24,31.0,,1681.44
2026-08-15,抖音,抖音,北京酸奶草莓瓶200g*24,12.0,,894.0
2026-08-15,抖音,抖音,北京酸奶酸木瓜瓶200g*24,6.0,,455.34
2026-08-15,抖音,抖音,北京酸奶青柠瓶200g*24,6.0,,440.04
2026-08-15,抖音,抖音,极致72℃A2鲜奶240mL*20,344.0,,11696.0
2026-08-15,抖音,抖音,海报,3.0,,0.0
2026-08-15,抖音,抖音,烤橙子陈皮爆珠杯酸130g*24,7.0,,386.4
2026-08-15,抖音,抖音,礼盒,2.0,,0.0
2026-08-15,抖音,抖音,蜂蜜,172.0,,0.0
2026-08-15,抖音,抖音,语音包2.0,41.0,,0.0
2026-08-15,抖音,抖音,镭射卡,194.0,,0.0
2026-08-15,抖音,抖音,雪凝奶皮子酸奶原味800g*12,1561.0,,134807.96
2026-08-15,抖音,抖音,雪凝炭烧奶皮子杯酸130g*24,239.0,,7423.34
2026-08-15,抖音,抖音,雪凝炭烧奶皮子酸奶盒装800g*12,2021.0,,190620.72
2026-08-15,拼多多,拼多多,72℃屋型鲜牛乳(950ml*12盒),234.0,,12694.5
2026-08-15,拼多多,拼多多,优选鲜牛乳240ml*20,952.0,,29930.88
2026-08-15,拼多多,拼多多,优选瓶装鲜牛乳(450ml*12瓶),87.0,,2690.91
2026-08-15,拼多多,拼多多,72℃鲜牛乳（瓶）900mL,493.0,,14459.69
2026-08-15,拼多多,拼多多,三元乐活（瓶）200mL*20,1159.0,,35766.74
2026-08-15,拼多多,拼多多,三元乐活(瓶)450mL*12,243.0,,8332.47
2026-08-15,拼多多,拼多多,三元乐活950mL*12,4.0,,227.92
2026-08-15,拼多多,拼多多,三元晚安奶250mL*20,42.0,,3312.96
2026-08-15,拼多多,拼多多,极致72℃低脂鲜奶900mL*6,5.0,,159.0
2026-08-15,拼多多,拼多多,极致A2鲜奶240*20,86.0,,2749.42
2026-08-15,拼多多,拼多多,极致A2鲜奶900*6,112.0,,3296.16
2026-08-15,拼多多,拼多多,极致有机鲜牛奶 900ML,157.0,,5210.83
2026-08-15,拼多多,拼多多,极致有机鲜牛奶240ML,168.0,,5812.8
2026-08-15,拼多多,拼多多,三元真的好巧200mL*20,136.0,,11137.04
2026-08-15,拼多多,拼多多,三元芋你鲜活450mL*12,60.0,,2317.2
2026-08-15,拼多多,拼多多,北京酸奶原味瓶200g*24,66.0,,3752.1
2026-08-15,拼多多,拼多多,北京酸奶原味杯130g*24,526.0,,22323.44
2026-08-15,拼多多,拼多多,北京酸奶草莓杯130g*24,16.0,,824.96
2026-08-15,拼多多,拼多多,北京酸奶青柠杯130g*24,24.0,,1301.76
2026-08-15,拼多多,拼多多,北京酸奶草莓瓶200g*24,6.0,,447.0
2026-08-15,拼多多,拼多多,72℃屋型鲜牛乳(490ml*12盒),67.0,,2090.4
2026-08-15,拼多多,拼多多,大大果块桑葚+蓝莓260g*12,118.0,,3384.24
2026-08-15,拼多多,拼多多,大果块草莓+桑葚260g*12,168.0,,4950.96
2026-08-15,拼多多,拼多多,大果块草莓+黄桃260g*12,108.0,,3054.24
2026-08-15,拼多多,拼多多,大果块黄桃+芒果260g*12,204.0,,5703.84
2026-08-15,拼多多,拼多多,极致72℃A2鲜奶240mL*20,7.0,,238.0
2026-08-15,拼多多,拼多多,蜂蜜,263.0,,0.0
2026-08-15,拼多多,拼多多,雪凝原味盒酸800g*12,73.0,,6277.27
2026-08-15,拼多多,拼多多,雪凝奶皮子酸奶原味800g*12,227.0,,19603.72
2026-08-15,拼多多,拼多多,雪凝炭烧奶皮子杯酸130g*24,748.0,,23232.88
2026-08-15,拼多多,拼多多,雪凝炭烧奶皮子酸奶盒装800g*12,347.0,,32729.04
2026-08-15,拼多多,拼多多,雪凝茯苓杯装酸奶150g*4*14,210.0,,10647.0
2026-08-15,新零售,新零售,72℃鲜牛乳（瓶）900mL,19572.0,,574046.76
2026-08-15,新零售,新零售,三元真的好巧200mL*20,3480.0,,284977.2
2026-08-15,新零售,新零售,中脱（1*12）,1920.0,,58694.4
2026-08-15,新零售,新零售,优选瓶装鲜牛乳(450ml*12瓶),6108.0,,188920.44
2026-08-15,新零售,新零售,全脂桶（1*6）,3234.0,,167068.44
2026-08-15,新零售,新零售,全脂酸牛奶原味(100g*8),780.0,,3642.6
2026-08-15,新零售,新零售,北京酸奶原味四连杯130g*4*6,1080.0,,51429.6
2026-08-15,新零售,新零售,北京酸奶原味杯130g*24,24.0,,1018.56
2026-08-15,新零售,新零售,北京酸奶草莓四连杯130g*4*6,438.0,,25097.4
2026-08-15,新零售,新零售,北京酸奶酸木瓜杯130g*24,24.0,,1286.88
2026-08-15,新零售,新零售,北京酸奶青柠杯130g*24,24.0,,1301.76
2026-08-15,新零售,新零售,大果块黄桃+芒果260g*12,1308.0,,36571.68
2026-08-15,新零售,新零售,天然桶装酸牛奶(1*6),2826.0,,156447.36
2026-08-15,新零售,新零售,小康（1*12）,10392.0,,175209.12
2026-08-15,新零售,新零售,极致A2鲜奶240*20,1520.0,,48594.4
2026-08-15,新零售,新零售,极致A2鲜奶900*6,1008.0,,29665.44
2026-08-15,新零售,新零售,极致有机鲜牛奶 900ML,5778.0,,191771.82
2026-08-15,新零售,新零售,极致有机鲜牛奶240ML,7900.0,,273340.0
2026-08-15,新零售,新零售,特品纯鲜牛奶(1*60),27780.0,,1675411.8
2026-08-15,新零售,新零售,益菌多原味（125g*8*12）,2148.0,,180432.0
2026-08-15,新零售,新零售,益菌多无蔗糖（125g*8*12）,480.0,,43555.2
2026-08-15,新零售,新零售,盒马日日鲜A2星期六250mL*20,10040.0,,0.0
2026-08-15,新零售,新零售,盒马日日鲜星期六950ml,13788.0,,62321.76
2026-08-15,新零售,新零售,盒马红颜草莓奶450mL*12,26736.0,,1064894.88
2026-08-15,新零售,新零售,盒马蓝莓黑加仑冰奶450ml*12,16200.0,,845478.0
2026-08-15,新零售,新零售,简卡原味八连杯100g*8*12,1908.0,,129953.88
2026-08-15,新零售,新零售,简卡原味袋五连包150g*5*10,2840.0,,147765.2
2026-08-15,新零售,新零售,老北京杯装酸牛奶(139g*24),2136.0,,67604.4
2026-08-15,新零售,新零售,脱脂桶（1*6）,132.0,,6827.04
2026-08-15,新零售,新零售,袋装天然酸奶(180g*60),2520.0,,131644.80000000002
2026-08-15,新零售,新零售,雪凝茯苓杯装酸奶150g*4*14,3934.0,,199453.8
2026-08-15,新零售,新零售,雪凝茯苓杯酸纸箱150g*4*14,5670.0,,305102.7
2026-08-16,京东,京东POP,72℃屋型鲜牛乳(950ml*12盒),69.0,,3743.25
2026-08-16,京东,京东POP,优选鲜牛乳240ml*20,719.0,,22605.36
2026-08-16,京东,京东POP,全脂桶（1*6）,42.0,,2169.72
2026-08-16,京东,京东POP,轻能利乐冠—蓝莓+大麦250g,4.0,,231.4
2026-08-16,京东,京东POP,轻能利乐冠—黄桃+大麦250g,52.0,,2918.24
2026-08-16,京东,京东POP,72℃鲜牛乳（瓶）900mL,28.0,,821.24
2026-08-16,京东,京东POP,三元乐活（瓶）200mL*20,65.0,,2005.8999999999999
2026-08-16,京东,京东POP,三元乐活950mL*12,24.0,,1367.52
2026-08-16,京东,京东POP,三元撞酸奶海盐菠萝风味发酵乳无菌冠大底(250g*24),5.0,,0.0
2026-08-16,京东,京东POP,三元撞酸奶芭乐甜心莓风味发酵乳无菌冠大底(250g*24),13.0,,0.0
2026-08-16,京东,京东POP,极致72℃低脂鲜奶900mL*6,2.0,,63.6
2026-08-16,京东,京东POP,极致A2鲜奶240*20,83.0,,2653.5099999999998
2026-08-16,京东,京东POP,极致A2鲜奶900*6,47.0,,1383.21
2026-08-16,京东,京东POP,极致有机鲜牛奶 900ML,85.0,,2821.1499999999996
2026-08-16,京东,京东POP,极致有机鲜牛奶240ML,436.0,,15085.6
2026-08-16,京东,京东POP,三元真的好巧200mL*20,294.0,,24075.66
2026-08-16,京东,京东POP,三元真的好巧450mL*12,9.0,,933.1200000000001
2026-08-16,京东,京东POP,三元草莓黑米杯酸130g*24,9.0,,473.67
2026-08-16,京东,京东POP,三元青提芝士杯酸130g*24,9.0,,506.43
2026-08-16,京东,京东POP,冰箱贴套装,41.0,,0.0
2026-08-16,京东,京东POP,北京酸奶原味瓶200g*24,188.0,,10687.800000000001
2026-08-16,京东,京东POP,北京酸奶原味杯130g*24,54.0,,2291.7599999999998
2026-08-16,京东,京东POP,北京酸奶草莓瓶200g*24,2.0,,149.0
2026-08-16,京东,京东POP,北京酸奶酸木瓜瓶200g*24,2.0,,151.78
2026-08-16,京东,京东POP,北京酸奶青柠瓶200g*24,10.0,,733.4000000000001
2026-08-16,京东,京东POP,大大果块桑葚+蓝莓260g*12,12.0,,344.15999999999997
2026-08-16,京东,京东POP,天然桶装酸牛奶1kg,81.0,,4011.1200000000003
2026-08-16,京东,京东POP,安德鲁蜂蜜,27.0,,0.0
2026-08-16,京东,京东POP,极致72℃A2鲜奶900mL*6,3.0,,95.4
2026-08-16,京东,京东POP,简卡原味袋五连包150g*5*10,6.0,,312.18
2026-08-16,京东,京东POP,老北京杯装酸牛奶(139g*24),28.0,,886.1999999999999
2026-08-16,京东,京东POP,雪凝茯苓杯装酸奶150g*4*14,24.0,,1216.8000000000002
2026-08-16,京东,京东自营,72℃屋型鲜牛乳(950ml*12盒),240.0,,13020.0
2026-08-16,京东,京东自营,72℃鲜牛乳（瓶）900mL,102.0,,2991.66
2026-08-16,京东,京东自营,三元乐活(瓶)450mL*12,48.0,,1645.92
2026-08-16,京东,京东自营,三元乐活950mL*12,36.0,,2051.2799999999997
2026-08-16,京东,京东自营,三元乐活（瓶）200mL*20,1420.0,,43821.2
2026-08-16,京东,京东自营,三元草莓黑米三连杯130g*3*8,8.0,,439.44
2026-08-16,京东,京东自营,三元草莓黑米杯酸130g*24,24.0,,1263.1200000000001
2026-08-16,京东,京东自营,三元青提芝士三连杯130g*3*8,8.0,,468.64
2026-08-16,京东,京东自营,三元青提芝士杯酸130g*24,24.0,,1350.48
2026-08-16,京东,京东自营,优选鲜牛乳240ml*20,40.0,,1257.6000000000001
2026-08-16,京东,京东自营,全脂桶（1*6）,348.0,,17977.68
2026-08-16,京东,京东自营,天然桶装酸牛奶(1*6),312.0,,17272.32
2026-08-16,京东,京东自营,小康（1*12）,360.0,,6069.599999999999
2026-08-16,京东,京东自营,极致72℃A2鲜奶240mL*20,120.0,,4080.0
2026-08-16,京东,京东自营,极致72℃A2鲜奶900mL*6,18.0,,572.4
2026-08-16,京东,京东自营,极致72℃低脂鲜奶240mL*20,120.0,,4080.0
2026-08-16,京东,京东自营,极致72℃低脂鲜奶900mL*6,18.0,,572.4
2026-08-16,京东,京东自营,极致A2鲜奶240*20,460.0,,14706.199999999999
2026-08-16,京东,京东自营,极致A2鲜奶900*6,780.0,,22955.4
2026-08-16,京东,京东自营,极致有机鲜牛奶 900ML,2262.0,,75075.78
2026-08-16,京东,京东自营,极致有机鲜牛奶240ML,1060.0,,36676.0
2026-08-16,京东,京东自营,脱脂桶（1*6）,72.0,,3723.84
2026-08-16,京东,京东自营,袋装天然酸奶(180g*60),1200.0,,62688.0
2026-08-16,京东,京东自营,雪凝原味盒酸800g*12,24.0,,2063.7599999999998
2026-08-16,京东,京东自营,雪凝奶皮子酸奶原味800g*12,24.0,,2072.64
2026-08-16,其他,其他,优选鲜牛乳240ml*20,65.0,,2043.6000000000001
2026-08-16,其他,其他,优选瓶装鲜牛乳(450ml*12瓶),9.0,,278.37
2026-08-16,其他,其他,轻能利乐冠—蓝莓+大麦250g,48.0,,2776.8
2026-08-16,其他,其他,轻能利乐冠—黄桃+大麦250g,48.0,,2693.7599999999998
2026-08-16,其他,其他,极致A2鲜奶240*20,60.0,,1918.1999999999998
2026-08-16,其他,其他,极致A2鲜奶900*6,3.0,,88.28999999999999
2026-08-16,其他,其他,极致有机鲜牛奶 900ML,10.0,,331.9
2026-08-16,其他,其他,极致有机鲜牛奶240ML,23.0,,795.8000000000001
2026-08-16,其他,其他,三元草莓黑米杯酸130g*24,5.0,,263.15000000000003
2026-08-16,其他,其他,三元草莓黑米三连杯130g*3*8,96.0,,5273.28
2026-08-16,其他,其他,三元青提芝士三连杯130g*3*8,136.0,,7966.88
2026-08-16,其他,其他,三元青提芝士杯酸130g*24,5.0,,281.35
2026-08-16,其他,其他,三元乐活有机牛乳200mL*20,28.0,,1167.32
2026-08-16,其他,其他,北京酸奶原味杯130g*24,3.0,,127.32
2026-08-16,其他,其他,北京酸奶草莓杯130g*24,3.0,,154.68
2026-08-16,其他,其他,系统自动虚拟货品,35.0,,0.0
2026-08-16,其他,其他,雪凝奶皮子酸奶原味800g*12,62.0,,5354.32
2026-08-16,其他,其他,雪凝炭烧奶皮子杯酸130g*24,17.0,,528.02
2026-08-16,其他,其他,雪凝炭烧奶皮子酸奶盒装800g*12,64.0,,6036.48
2026-08-16,天猫,猫旗,72℃屋型鲜牛乳(950ml*12盒),18.0,,976.5
2026-08-16,天猫,猫旗,优选鲜牛乳240ml*20,1726.0,,54265.44
2026-08-16,天猫,猫旗,优选瓶装鲜牛乳(450ml*12瓶),40.0,,1237.2
2026-08-16,天猫,猫旗,全脂桶（1*6）,187.0,,9660.42
2026-08-16,天猫,猫旗,轻能利乐冠—蓝莓+大麦250g,5.0,,289.25
2026-08-16,天猫,猫旗,轻能利乐冠—黄桃+大麦250g,5.0,,280.59999999999997
2026-08-16,天猫,猫旗,72℃鲜牛乳（瓶）900mL,94.0,,2757.02
2026-08-16,天猫,猫旗,三元乐活（瓶）200mL*20,1464.0,,45179.04
2026-08-16,天猫,猫旗,三元乐活950mL*12,156.0,,8888.88
2026-08-16,天猫,猫旗,三元晚安奶250mL*20,4.0,,315.52
2026-08-16,天猫,猫旗,极致A2鲜奶240*20,94.0,,3005.18
2026-08-16,天猫,猫旗,极致A2鲜奶900*6,3.0,,88.28999999999999
2026-08-16,天猫,猫旗,极致有机鲜牛奶 900ML,34.0,,1128.46
2026-08-16,天猫,猫旗,极致有机鲜牛奶240ML,343.0,,11867.800000000001
2026-08-16,天猫,猫旗,三元真的好巧200mL*20,1287.0,,105392.43000000001
2026-08-16,天猫,猫旗,三元真的好巧450mL*12,97.0,,10056.960000000001
2026-08-16,天猫,猫旗,三元芋你鲜活200mL*20,10.0,,338.6
2026-08-16,天猫,猫旗,三元青提芝士杯酸130g*24,40.0,,2250.8
2026-08-16,天猫,猫旗,三元乐活有机牛乳200mL*20,96.0,,4002.24
2026-08-16,天猫,猫旗,北京酸奶原味瓶200g*24,215.0,,12222.75
2026-08-16,天猫,猫旗,北京酸奶原味杯130g*24,1564.0,,66376.16
2026-08-16,天猫,猫旗,北京酸奶草莓杯130g*24,32.0,,1649.92
2026-08-16,天猫,猫旗,北京酸奶草莓瓶200g*24,12.0,,894.0
2026-08-16,天猫,猫旗,北京酸奶酸木瓜瓶200g*24,8.0,,607.12
2026-08-16,天猫,猫旗,北京酸奶青柠瓶200g*24,28.0,,2053.52
2026-08-16,天猫,猫旗,大大果块桑葚+蓝莓260g*12,2.0,,57.36
2026-08-16,天猫,猫旗,大果块草莓+桑葚260g*12,10.0,,294.7
2026-08-16,天猫,猫旗,大果块草莓+黄桃260g*12,2.0,,56.56
2026-08-16,天猫,猫旗,大果块黄桃+芒果260g*12,10.0,,279.6
2026-08-16,天猫,猫旗,天然桶装酸牛奶1kg,9.0,,445.68
2026-08-16,天猫,猫旗,安德鲁蜂蜜,77.0,,0.0
2026-08-16,天猫,猫旗,海报,107.0,,0.0
2026-08-16,天猫,猫旗,简卡原味袋五连包150g*5*10,8.0,,416.24
2026-08-16,天猫,猫旗,老北京杯装酸牛奶(139g*24),82.0,,2595.2999999999997
2026-08-16,天猫,猫旗,芭芭农场DM单,4.0,,0.0
2026-08-16,天猫,猫旗,雪凝原味盒酸800g*12,4.0,,343.96
2026-08-16,天猫,猫旗,雪凝奶皮子酸奶原味800g*12,10.0,,863.6
2026-08-16,天猫,猫旗,雪凝炭烧奶皮子杯酸130g*24,28.0,,869.68
2026-08-16,天猫,猫旗,雪凝炭烧奶皮子酸奶盒装800g*12,4.0,,377.28
2026-08-16,天猫,猫旗,雪凝茯苓杯装酸奶150g*4*14,52.0,,2636.4
2026-08-16,天猫,猫超,72℃屋型鲜牛乳(950ml*12盒),54.0,,2929.5
2026-08-16,天猫,猫超,优选鲜牛乳240ml*20,48.0,,1509.1200000000001
2026-08-16,天猫,猫超,优选瓶装鲜牛乳(450ml*12瓶),2.0,,61.86
2026-08-16,天猫,猫超,全脂桶（1*6）,26.0,,1343.1599999999999
2026-08-16,天猫,猫超,轻能利乐冠—蓝莓+大麦250g,16.0,,925.6
2026-08-16,天猫,猫超,轻能利乐冠—黄桃+大麦250g,104.0,,5836.48
2026-08-16,天猫,猫超,72℃鲜牛乳（瓶）900mL,4.0,,117.32
2026-08-16,天猫,猫超,三元乐活（瓶）200mL*20,83.0,,2561.38
2026-08-16,天猫,猫超,三元乐活(瓶)450mL*12,6.0,,205.74
2026-08-16,天猫,猫超,三元乐活950mL*12,136.0,,7749.28
2026-08-16,天猫,猫超,极致A2鲜奶240*20,22.0,,703.3399999999999
2026-08-16,天猫,猫超,极致A2鲜奶900*6,6.0,,176.57999999999998
2026-08-16,天猫,猫超,极致有机鲜牛奶 900ML,18.0,,597.42
2026-08-16,天猫,猫超,极致有机鲜牛奶240ML,32.0,,1107.2
2026-08-16,天猫,猫超,三元真的好巧200mL*20,205.0,,16787.45
2026-08-16,天猫,猫超,三元青提芝士杯酸130g*24,9.0,,506.43
2026-08-16,天猫,猫超,北京酸奶原味杯130g*24,10.0,,424.4
2026-08-16,天猫,猫超,北京酸奶草莓杯130g*24,6.0,,309.36
2026-08-16,天猫,猫超,北京酸奶酸木瓜杯130g*24,12.0,,643.4399999999999
2026-08-16,天猫,猫超,安德鲁蜂蜜,5.0,,0.0
2026-08-16,天猫,猫超,老北京杯装酸牛奶(139g*24),120.0,,3798.0
2026-08-16,天猫,猫超,雪凝茯苓杯装酸奶150g*4*14,12.0,,608.4000000000001
2026-08-16,抖音,抖音,丁禹兮礼盒--2.0(抖音）,9.0,,0.0
2026-08-16,抖音,抖音,优选鲜牛乳240ml*20,2448.0,,76965.12000000001
2026-08-16,抖音,抖音,优选瓶装鲜牛乳(450ml*12瓶),1411.0,,43642.23
2026-08-16,抖音,抖音,轻能利乐冠—蓝莓+大麦250g,5.0,,289.25
2026-08-16,抖音,抖音,轻能利乐冠—黄桃+大麦250g,3.0,,168.35999999999999
2026-08-16,抖音,抖音,三元乐活（瓶）200mL*20,12.0,,370.32
2026-08-16,抖音,抖音,三元乐活(瓶)450mL*12,16.0,,548.64
2026-08-16,抖音,抖音,三元晚安奶250mL*20,8.0,,631.04
2026-08-16,抖音,抖音,极致A2鲜奶240*20,2.0,,63.94
2026-08-16,抖音,抖音,极致A2鲜奶900*6,3.0,,88.28999999999999
2026-08-16,抖音,抖音,极致有机鲜牛奶240ML,9.0,,311.40000000000003
2026-08-16,抖音,抖音,三元真的好巧200mL*20,34.0,,2784.26
2026-08-16,抖音,抖音,三元真的好巧450mL*12,16.0,,1658.88
2026-08-16,抖音,抖音,三元芋你鲜活200mL*20,46.0,,1557.56
2026-08-16,抖音,抖音,三元芋你鲜活450mL*12,18.0,,695.16
2026-08-16,抖音,抖音,三元草莓黑米杯酸130g*24,788.0,,41472.44
2026-08-16,抖音,抖音,三元青提芝士杯酸130g*24,24.0,,1350.48
2026-08-16,抖音,抖音,冰箱贴,2.0,,0.0
2026-08-16,抖音,抖音,北京酸奶原味瓶200g*24,22.0,,1250.7
2026-08-16,抖音,抖音,北京酸奶原味杯130g*24,482.0,,20456.079999999998
2026-08-16,抖音,抖音,北京酸奶草莓杯130g*24,4.0,,206.24
2026-08-16,抖音,抖音,北京酸奶酸木瓜杯130g*24,4.0,,214.48
2026-08-16,抖音,抖音,北京酸奶青柠杯130g*24,4.0,,216.96
2026-08-16,抖音,抖音,极致72℃A2鲜奶240mL*20,200.0,,6800.0
2026-08-16,抖音,抖音,烤橙子陈皮爆珠杯酸130g*24,6.0,,331.20000000000005
2026-08-16,抖音,抖音,礼盒,3.0,,0.0
2026-08-16,抖音,抖音,蜂蜜,6.0,,0.0
2026-08-16,抖音,抖音,语音包2.0,1.0,,0.0
2026-08-16,抖音,抖音,镭射卡,71.0,,0.0
2026-08-16,抖音,抖音,雪凝原味盒酸800g*12,2.0,,171.98
2026-08-16,抖音,抖音,雪凝奶皮子酸奶原味800g*12,866.0,,74787.76
2026-08-16,抖音,抖音,雪凝炭烧奶皮子杯酸130g*24,123.0,,3820.3799999999997
2026-08-16,抖音,抖音,雪凝炭烧奶皮子酸奶盒装800g*12,1469.0,,138556.08
2026-08-16,拼多多,拼多多,100g原味酸奶,16.0,,992.0
2026-08-16,拼多多,拼多多,72℃屋型鲜牛乳(950ml*12盒),48.0,,2604.0
2026-08-16,拼多多,拼多多,优选鲜牛乳240ml*20,438.0,,13770.720000000001
2026-08-16,拼多多,拼多多,优选瓶装鲜牛乳(450ml*12瓶),141.0,,4361.13
2026-08-16,拼多多,拼多多,72℃鲜牛乳（瓶）900mL,375.0,,10998.75
2026-08-16,拼多多,拼多多,三元乐活（瓶）200mL*20,95.0,,2931.7
2026-08-16,拼多多,拼多多,三元乐活(瓶)450mL*12,102.0,,3497.58
2026-08-16,拼多多,拼多多,三元乐活950mL*12,92.0,,5242.16
2026-08-16,拼多多,拼多多,三元晚安奶250mL*20,92.0,,7256.959999999999
2026-08-16,拼多多,拼多多,极致72℃低脂鲜奶900mL*6,4.0,,127.2
2026-08-16,拼多多,拼多多,极致A2鲜奶240*20,103.0,,3292.91
2026-08-16,拼多多,拼多多,极致A2鲜奶900*6,56.0,,1648.08
2026-08-16,拼多多,拼多多,极致有机鲜牛奶 900ML,150.0,,4978.5
2026-08-16,拼多多,拼多多,极致有机鲜牛奶240ML,172.0,,5951.2
2026-08-16,拼多多,拼多多,三元真的好巧200mL*20,101.0,,8270.89
2026-08-16,拼多多,拼多多,三元芋你鲜活450mL*12,32.0,,1235.84
2026-08-16,拼多多,拼多多,三元草莓黑米杯酸130g*24,1.0,,52.63
2026-08-16,拼多多,拼多多,三元青提芝士杯酸130g*24,4.0,,225.08
2026-08-16,拼多多,拼多多,北京酸奶原味瓶200g*24,46.0,,2615.1
2026-08-16,拼多多,拼多多,北京酸奶原味杯130g*24,151.0,,6408.44
2026-08-16,拼多多,拼多多,北京酸奶酸木瓜瓶200g*24,14.0,,1062.46
2026-08-16,拼多多,拼多多,72℃屋型鲜牛乳(490ml*12盒),89.0,,2776.7999999999997
2026-08-16,拼多多,拼多多,大大果块桑葚+蓝莓260g*12,42.0,,1204.56
2026-08-16,拼多多,拼多多,大果块草莓+黄桃260g*12,16.0,,452.48
2026-08-16,拼多多,拼多多,大果块黄桃+芒果260g*12,28.0,,782.88
2026-08-16,拼多多,拼多多,蜂蜜,73.0,,0.0
2026-08-16,拼多多,拼多多,雪凝原味盒酸800g*12,21.0,,1805.79
2026-08-16,拼多多,拼多多,雪凝奶皮子酸奶原味800g*12,215.0,,18567.4
2026-08-16,拼多多,拼多多,雪凝炭烧奶皮子杯酸130g*24,415.0,,12889.9
2026-08-16,拼多多,拼多多,雪凝炭烧奶皮子酸奶盒装800g*12,455.0,,42915.6
2026-08-16,拼多多,拼多多,雪凝茯苓杯装酸奶150g*4*14,204.0,,10342.800000000001
2026-08-16,新零售,新零售,72℃鲜牛乳（瓶）900mL,18192.0,,533571.36
2026-08-16,新零售,新零售,中脱（1*12）,2052.0,,62729.64
2026-08-16,新零售,新零售,优选瓶装鲜牛乳(450ml*12瓶),5940.0,,183724.2
2026-08-16,新零售,新零售,全脂桶（1*6）,2934.0,,151570.44
2026-08-16,新零售,新零售,全脂酸牛奶原味(100g*8),1116.0,,5211.72
2026-08-16,新零售,新零售,北京酸奶原味四连杯130g*4*6,1890.0,,90001.79999999999
2026-08-16,新零售,新零售,北京酸奶草莓四连杯130g*4*6,810.0,,46413.0
2026-08-16,新零售,新零售,大果块黄桃+芒果260g*12,696.0,,19460.16
2026-08-16,新零售,新零售,天然桶装酸牛奶(1*6),2550.0,,141168.0
2026-08-16,新零售,新零售,小康（1*12）,7440.0,,125438.4
2026-08-16,新零售,新零售,小象有机鲜牛奶950mL*12,12420.0,,807548.3999999999
2026-08-16,新零售,新零售,极致A2鲜奶240*20,1340.0,,42839.799999999996
2026-08-16,新零售,新零售,极致A2鲜奶900*6,1080.0,,31784.4
2026-08-16,新零售,新零售,极致有机鲜牛奶 900ML,5904.0,,195953.75999999998
2026-08-16,新零售,新零售,极致有机鲜牛奶240ML,7920.0,,274032.0
2026-08-16,新零售,新零售,特品纯鲜牛奶(1*60),28800.0,,1736928.0
2026-08-16,新零售,新零售,益菌多原味（125g*8*12）,1536.0,,129024.0
2026-08-16,新零售,新零售,益菌多无蔗糖（125g*8*12）,408.0,,37021.92
2026-08-16,新零售,新零售,盒马原味桶酸1.5kg*6,43302.0,,2115302.7
2026-08-16,新零售,新零售,盒马日日鲜A2星期日250mL*20,10280.0,,0.0
2026-08-16,新零售,新零售,盒马日日鲜星期日950ml,14160.0,,64003.2
2026-08-16,新零售,新零售,盒马有机桶鲜1.5L*6,13146.0,,717508.6799999999
2026-08-16,新零售,新零售,盒马红颜草莓奶450mL*12,7572.0,,301592.76
2026-08-16,新零售,新零售,盒马蓝莓黑加仑冰奶450ml*12,3768.0,,196651.91999999998
2026-08-16,新零售,新零售,简卡原味八连杯100g*8*12,1716.0,,116876.76
2026-08-16,新零售,新零售,简卡原味袋五连包150g*5*10,1920.0,,99897.6
2026-08-16,新零售,新零售,老北京杯装酸牛奶(139g*24),1800.0,,56970.0
2026-08-16,新零售,新零售,脱脂桶（1*6）,114.0,,5896.08
2026-08-16,新零售,新零售,袋装天然酸奶(180g*60),1800.0,,94032.0
2026-08-16,新零售,新零售,雪凝茯苓杯装酸奶150g*4*14,2058.0,,104340.6
2026-08-16,新零售,新零售,雪凝茯苓杯酸纸箱150g*4*14,4046.0,,217715.26
