日期,部门,平台,子平台,成交金额,目标金额
2025-10-10,低温,京东,pop,0.71,
2025-10-10,低温,拼多多,拼多多,2.46,
2025-10-10,低温,天猫,猫超,0.37,
2025-10-10,低温,天猫,猫旗,2.08,
2025-10-10,低温,新零售,新零售,69.48,
2025-10-10,低温,京东,自营,15.7,
2025-10-10,低温,抖音,抖音,6.74,
2025-10-10,奶粉,抖音,抖音,1.99,
2025-10-10,奶粉,京东,自营,4.58,
2025-10-10,奶粉,京东,pop,0.45,
2025-10-10,奶粉,拼多多,拼多多,1.07,
2025-10-10,奶粉,天猫,猫旗,0.41,
2025-10-10,奶粉,天猫,猫超,0,
2025-10-10,常温,抖音,抖音,35.5,
2025-10-10,常温,京东,自营,94.19,
2025-10-10,常温,京东,pop,10.38,
2025-10-10,常温,拼多多,多多买菜,12.84,
2025-10-10,常温,拼多多,拼多多,12.84,
2025-10-10,常温,天猫,猫超,16.89,
2025-10-10,常温,天猫,猫旗,4.35,
2025-10-10,常温,小程序及其他,小程序,28.03,
2025-10-10,常温,新零售,新零售,32.39,
2025-10-11,低温,京东,pop,0.73,
2025-10-11,低温,拼多多,拼多多,2.07,
2025-10-11,低温,天猫,猫超,0.34,
2025-10-11,低温,天猫,猫旗,1.84,
2025-10-11,低温,新零售,新零售,116.61,
2025-10-11,低温,京东,自营,10.53,
2025-10-11,低温,抖音,抖音,2.94,
2025-10-11,奶粉,抖音,抖音,2.84,
2025-10-11,奶粉,京东,自营,3.74,
2025-10-11,奶粉,京东,pop,0.94,
2025-10-11,奶粉,拼多多,拼多多,0.71,
2025-10-11,奶粉,天猫,猫旗,0.34,
2025-10-11,奶粉,天猫,猫超,0,
2025-10-11,常温,抖音,抖音,17,
2025-10-11,常温,京东,自营,75.53,
2025-10-11,常温,京东,pop,12.19,
2025-10-11,常温,拼多多,多多买菜,7.76,
2025-10-11,常温,拼多多,拼多多,7.76,
2025-10-11,常温,天猫,猫超,16.39,
2025-10-11,常温,天猫,猫旗,3.91,
2025-10-11,常温,小程序及其他,小程序,0,
2025-10-11,常温,新零售,新零售,34.12,
2025-10-12,低温,京东,pop,0.62,
2025-10-12,低温,拼多多,拼多多,2.13,
2025-10-12,低温,天猫,猫超,0.32,
2025-10-12,低温,天猫,猫旗,1.93,
2025-10-12,低温,新零售,新零售,113.83,
2025-10-12,低温,京东,自营,10.5,
2025-10-12,低温,抖音,抖音,2.9,
2025-10-12,奶粉,抖音,抖音,3.56,
2025-10-12,奶粉,京东,自营,4.14,
2025-10-12,奶粉,京东,pop,0.46,
2025-10-12,奶粉,拼多多,拼多多,0.69,
2025-10-12,奶粉,天猫,猫旗,0.43,
2025-10-12,奶粉,天猫,猫超,0,
2025-10-12,常温,抖音,抖音,23.28,
2025-10-12,常温,京东,自营,71.82,
2025-10-12,常温,京东,pop,7.26,
2025-10-12,常温,拼多多,多多买菜,9.03,
2025-10-12,常温,拼多多,拼多多,9.03,
2025-10-12,常温,天猫,猫超,21.42,
2025-10-12,常温,天猫,猫旗,3.81,
2025-10-12,常温,小程序及其他,小程序,0,
2025-10-12,常温,新零售,新零售,48.92,
2025-10-13,低温,京东,pop,0.61,
2025-10-13,低温,拼多多,拼多多,2.15,
2025-10-13,低温,天猫,猫超,0.36,
2025-10-13,低温,天猫,猫旗,1.88,
2025-10-13,低温,新零售,新零售,63.97,
2025-10-13,低温,京东,自营,9.03,
2025-10-13,低温,抖音,抖音,2.6,
2025-10-13,奶粉,抖音,抖音,1.94,
2025-10-13,奶粉,京东,自营,3.71,
2025-10-13,奶粉,京东,pop,0.27,
2025-10-13,奶粉,拼多多,拼多多,0.59,
2025-10-13,奶粉,天猫,猫旗,0.3,
2025-10-13,奶粉,天猫,猫超,0,
2025-10-13,常温,抖音,抖音,5.28,
2025-10-13,常温,京东,自营,72.62,
2025-10-13,常温,京东,pop,3.66,
2025-10-13,常温,拼多多,多多买菜,7.52,
2025-10-13,常温,拼多多,拼多多,7.52,
2025-10-13,常温,天猫,猫超,16.15,
2025-10-13,常温,天猫,猫旗,2.04,
2025-10-13,常温,小程序及其他,小程序,0,
2025-10-13,常温,新零售,新零售,34.57,
2025-10-14,低温,京东,pop,0.62,
2025-10-14,低温,拼多多,拼多多,1.97,
2025-10-14,低温,天猫,猫超,0.33,
2025-10-14,低温,天猫,猫旗,1.87,
2025-10-14,低温,新零售,新零售,94.56,
2025-10-14,低温,京东,自营,12.85,
2025-10-14,低温,抖音,抖音,4.95,
2025-10-14,奶粉,抖音,抖音,2.2,
2025-10-14,奶粉,京东,自营,2.76,
2025-10-14,奶粉,京东,pop,0.17,
2025-10-14,奶粉,拼多多,拼多多,0.86,
2025-10-14,奶粉,天猫,猫旗,0.39,
2025-10-14,奶粉,天猫,猫超,0,
2025-10-14,常温,抖音,抖音,4.34,
2025-10-14,常温,京东,自营,79.81,
2025-10-14,常温,京东,pop,5.28,
2025-10-14,常温,拼多多,多多买菜,7.2,
2025-10-14,常温,拼多多,拼多多,7.2,
2025-10-14,常温,天猫,猫超,16.15,
2025-10-14,常温,天猫,猫旗,1.95,
2025-10-14,常温,小程序及其他,小程序,0,
2025-10-14,常温,新零售,新零售,34.57,
2025-10-15,低温,京东,pop,0.78,
2025-10-15,低温,拼多多,拼多多,2.25,
2025-10-15,低温,天猫,猫超,0.32,
2025-10-15,低温,天猫,猫旗,5.09,
2025-10-15,低温,新零售,新零售,92.59,
2025-10-15,低温,京东,自营,16.04,
2025-10-15,低温,抖音,抖音,4.46,
2025-10-15,奶粉,抖音,抖音,1.72,
2025-10-15,奶粉,京东,自营,3.73,
2025-10-15,奶粉,京东,pop,0.3,
2025-10-15,奶粉,拼多多,拼多多,0.81,
2025-10-15,奶粉,天猫,猫旗,0.33,
2025-10-15,奶粉,天猫,猫超,0,
2025-10-15,常温,抖音,抖音,5.23,
2025-10-15,常温,京东,自营,89.7,
2025-10-15,常温,京东,pop,3.76,
2025-10-15,常温,拼多多,多多买菜,6.31,
2025-10-15,常温,拼多多,拼多多,6.31,
2025-10-15,常温,天猫,猫超,21.37,
2025-10-15,常温,天猫,猫旗,2.2,
2025-10-15,常温,小程序及其他,小程序,0,
2025-10-15,常温,新零售,新零售,32.88,
2025-10-16,低温,京东,pop,0.9,
2025-10-16,低温,拼多多,拼多多,2.44,
2025-10-16,低温,天猫,猫超,0.28,
2025-10-16,低温,天猫,猫旗,3.3,
2025-10-16,低温,新零售,新零售,101.16,
2025-10-16,低温,京东,自营,13.83,
2025-10-16,低温,抖音,抖音,3.09,
2025-10-16,奶粉,抖音,抖音,2.88,
2025-10-16,奶粉,京东,自营,5.07,
2025-10-16,奶粉,京东,pop,0.19,
2025-10-16,奶粉,拼多多,拼多多,0.78,
2025-10-16,奶粉,天猫,猫旗,0.7,
2025-10-16,奶粉,天猫,猫超,0,
2025-10-16,常温,抖音,抖音,5.5,
2025-10-16,常温,京东,自营,95.74,
2025-10-16,常温,京东,pop,4.07,
2025-10-16,常温,拼多多,多多买菜,8,
2025-10-16,常温,拼多多,拼多多,8,
2025-10-16,常温,天猫,猫超,19.49,
2025-10-16,常温,天猫,猫旗,2.03,
2025-10-16,常温,小程序及其他,小程序,0,
2025-10-16,常温,新零售,新零售,33.61,
2025-10-17,低温,京东,pop,0.59,
2025-10-17,低温,拼多多,拼多多,2.12,
2025-10-17,低温,天猫,猫超,0.25,
2025-10-17,低温,天猫,猫旗,2.71,
2025-10-17,低温,新零售,新零售,93.62,
2025-10-17,低温,京东,自营,12.37,
2025-10-17,低温,抖音,抖音,1.48,
2025-10-17,奶粉,抖音,抖音,2.36,
2025-10-17,奶粉,京东,自营,4.27,
2025-10-17,奶粉,京东,pop,0.17,
2025-10-17,奶粉,拼多多,拼多多,0.93,
2025-10-17,奶粉,天猫,猫旗,0.56,
2025-10-17,奶粉,天猫,猫超,0,
2025-10-17,常温,抖音,抖音,4.41,
2025-10-17,常温,京东,自营,79.33,
2025-10-17,常温,京东,pop,4.1,
2025-10-17,常温,拼多多,多多买菜,6.23,
2025-10-17,常温,拼多多,拼多多,6.23,
2025-10-17,常温,天猫,猫超,17.64,
2025-10-17,常温,天猫,猫旗,2.64,
2025-10-17,常温,小程序及其他,小程序,77.43,
2025-10-17,常温,新零售,新零售,30.41,
2025-10-18,低温,京东,pop,0.82,
2025-10-18,低温,拼多多,拼多多,2.18,
2025-10-18,低温,天猫,猫超,0.29,
2025-10-18,低温,天猫,猫旗,3.29,
2025-10-18,低温,新零售,新零售,115.12,
2025-10-18,低温,京东,自营,12.55,
2025-10-18,低温,抖音,抖音,4.17,
2025-10-18,奶粉,抖音,抖音,3.03,
2025-10-18,奶粉,京东,自营,4.05,
2025-10-18,奶粉,京东,pop,0.04,
2025-10-18,奶粉,拼多多,拼多多,0.65,
2025-10-18,奶粉,天猫,猫旗,0.36,
2025-10-18,奶粉,天猫,猫超,0,
2025-10-18,常温,抖音,抖音,13.44,
2025-10-18,常温,京东,自营,74.17,
2025-10-18,常温,京东,pop,9.47,
2025-10-18,常温,拼多多,多多买菜,6.87,
2025-10-18,常温,拼多多,拼多多,6.87,
2025-10-18,常温,天猫,猫超,20.01,
2025-10-18,常温,天猫,猫旗,2.48,
2025-10-18,常温,小程序及其他,小程序,0,
2025-10-18,常温,新零售,新零售,44.46,
2025-10-19,低温,京东,pop,0.8,
2025-10-19,低温,拼多多,拼多多,2.08,
2025-10-19,低温,天猫,猫超,0.27,
2025-10-19,低温,天猫,猫旗,2.64,
2025-10-19,低温,新零售,新零售,94.89,
2025-10-19,低温,京东,自营,9.78,
2025-10-19,低温,抖音,抖音,0.9,
2025-10-19,奶粉,抖音,抖音,1.66,
2025-10-19,奶粉,京东,自营,3.2,
2025-10-19,奶粉,京东,pop,0.29,
2025-10-19,奶粉,拼多多,拼多多,0.74,
2025-10-19,奶粉,天猫,猫旗,0.28,
2025-10-19,奶粉,天猫,猫超,0,
2025-10-19,常温,抖音,抖音,13.76,
2025-10-19,常温,京东,自营,66.61,
2025-10-19,常温,京东,pop,3.43,
2025-10-19,常温,拼多多,多多买菜,6.07,
2025-10-19,常温,拼多多,拼多多,6.07,
2025-10-19,常温,天猫,猫超,18.49,
2025-10-19,常温,天猫,猫旗,2.87,
2025-10-19,常温,小程序及其他,小程序,0,
2025-10-19,常温,新零售,新零售,45.98,
2025-10-20,低温,京东,pop,0.73,
2025-10-20,低温,拼多多,拼多多,2.25,
2025-10-20,低温,天猫,猫超,0.79,
2025-10-20,低温,天猫,猫旗,11.25,
2025-10-20,低温,新零售,新零售,7.68,
2025-10-20,低温,京东,自营,19.69,
2025-10-20,低温,抖音,抖音,2.48,
2025-10-20,奶粉,抖音,抖音,2.13,
2025-10-20,奶粉,京东,自营,5.48,
2025-10-20,奶粉,京东,pop,0.38,
2025-10-20,奶粉,拼多多,拼多多,1.02,
2025-10-20,奶粉,天猫,猫旗,11.44,
2025-10-20,奶粉,天猫,猫超,0,
2025-10-20,常温,抖音,抖音,17.58,
2025-10-20,常温,京东,自营,94.91,
2025-10-20,常温,京东,pop,3.59,
2025-10-20,常温,拼多多,多多买菜,8.51,
2025-10-20,常温,拼多多,拼多多,8.51,
2025-10-20,常温,天猫,猫超,40.17,
2025-10-20,常温,天猫,猫旗,5.84,
2025-10-20,常温,小程序及其他,小程序,0,
2025-10-20,常温,新零售,新零售,34.6,
2025-10-21,低温,京东,pop,0.95,
2025-10-21,低温,拼多多,拼多多,1.97,
2025-10-21,低温,天猫,猫超,0.62,
2025-10-21,低温,天猫,猫旗,5.38,
2025-10-21,低温,新零售,新零售,89.74,
2025-10-21,低温,京东,自营,20.24,
2025-10-21,低温,抖音,抖音,9.29,
2025-10-21,奶粉,抖音,抖音,2.36,
2025-10-21,奶粉,京东,自营,3.51,
2025-10-21,奶粉,京东,pop,0.67,
2025-10-21,奶粉,拼多多,拼多多,0.83,
2025-10-21,奶粉,天猫,猫旗,6.49,
2025-10-21,奶粉,天猫,猫超,0,
2025-10-21,常温,抖音,抖音,4.6,
2025-10-21,常温,京东,自营,101.28,
2025-10-21,常温,京东,pop,4.06,
2025-10-21,常温,拼多多,多多买菜,7.47,
2025-10-21,常温,拼多多,拼多多,7.47,
2025-10-21,常温,天猫,猫超,29.8,
2025-10-21,常温,天猫,猫旗,4.35,
2025-10-21,常温,小程序及其他,小程序,0,
2025-10-21,常温,新零售,新零售,34.71,
2025-10-22,低温,京东,pop,0.65,
2025-10-22,低温,拼多多,拼多多,2.16,
2025-10-22,低温,天猫,猫超,0.54,
2025-10-22,低温,天猫,猫旗,4.31,
2025-10-22,低温,新零售,新零售,89.29,
2025-10-22,低温,京东,自营,11.45,
2025-10-22,低温,抖音,抖音,3.65,
2025-10-22,奶粉,抖音,抖音,1.73,
2025-10-22,奶粉,京东,自营,5,
2025-10-22,奶粉,京东,pop,0.35,
2025-10-22,奶粉,拼多多,拼多多,0.84,
2025-10-22,奶粉,天猫,猫旗,1.89,
2025-10-22,奶粉,天猫,猫超,0,
2025-10-22,常温,抖音,抖音,5.06,
2025-10-22,常温,京东,自营,83.36,
2025-10-22,常温,京东,pop,3.11,
2025-10-22,常温,拼多多,多多买菜,6.78,
2025-10-22,常温,拼多多,拼多多,6.78,
2025-10-22,常温,天猫,猫超,26.09,
2025-10-22,常温,天猫,猫旗,4.64,
2025-10-22,常温,小程序及其他,小程序,0,
2025-10-22,常温,新零售,新零售,33.29,
2025-10-23,低温,京东,pop,0.54,
2025-10-23,低温,拼多多,拼多多,2.47,
2025-10-23,低温,天猫,猫超,0.58,
2025-10-23,低温,天猫,猫旗,3.66,
2025-10-23,低温,新零售,新零售,91.19,
2025-10-23,低温,京东,自营,20.39,
2025-10-23,低温,抖音,抖音,2.8,
2025-10-23,奶粉,抖音,抖音,2.46,
2025-10-23,奶粉,京东,自营,3.81,
2025-10-23,奶粉,京东,pop,0.22,
2025-10-23,奶粉,拼多多,拼多多,0.82,
2025-10-23,奶粉,天猫,猫旗,1.15,
2025-10-23,奶粉,天猫,猫超,0,
2025-10-23,常温,抖音,抖音,5.07,
2025-10-23,常温,京东,自营,83.78,
2025-10-23,常温,京东,pop,3.73,
2025-10-23,常温,拼多多,多多买菜,8.88,
2025-10-23,常温,拼多多,拼多多,8.88,
2025-10-23,常温,天猫,猫超,18.85,
2025-10-23,常温,天猫,猫旗,3.53,
2025-10-23,常温,小程序及其他,小程序,0,
2025-10-23,常温,新零售,新零售,32.1,
2025-10-24,低温,京东,pop,0.98,
2025-10-24,低温,拼多多,拼多多,1.82,
2025-10-24,低温,天猫,猫超,0.5,
2025-10-24,低温,天猫,猫旗,4.04,
2025-10-24,低温,新零售,新零售,84.78,
2025-10-24,低温,京东,自营,17.35,
2025-10-24,低温,抖音,抖音,3.57,
2025-10-24,奶粉,抖音,抖音,2.36,
2025-10-24,奶粉,京东,自营,5.59,
2025-10-24,奶粉,京东,pop,0.78,
2025-10-24,奶粉,拼多多,拼多多,0.99,
2025-10-24,奶粉,天猫,猫旗,1.71,
2025-10-24,奶粉,天猫,猫超,0,
2025-10-24,常温,抖音,抖音,4.47,
2025-10-24,常温,京东,自营,73.03,
2025-10-24,常温,京东,pop,4.54,
2025-10-24,常温,拼多多,多多买菜,6.58,
2025-10-24,常温,拼多多,拼多多,6.58,
2025-10-24,常温,天猫,猫超,17.65,
2025-10-24,常温,天猫,猫旗,3.14,
2025-10-24,常温,小程序及其他,小程序,14.62,
2025-10-24,常温,新零售,新零售,28.25,
2025-10-25,低温,京东,pop,0.69,
2025-10-25,低温,拼多多,拼多多,1.87,
2025-10-25,低温,天猫,猫超,0.35,
2025-10-25,低温,天猫,猫旗,5.38,
2025-10-25,低温,新零售,新零售,100.13,
2025-10-25,低温,京东,自营,11.33,
2025-10-25,低温,抖音,抖音,4.21,
2025-10-25,奶粉,抖音,抖音,1.85,
2025-10-25,奶粉,京东,自营,5.13,
2025-10-25,奶粉,京东,pop,0.61,
2025-10-25,奶粉,拼多多,拼多多,0.9,
2025-10-25,奶粉,天猫,猫旗,1.22,
2025-10-25,奶粉,天猫,猫超,0,
2025-10-25,常温,抖音,抖音,4.55,
2025-10-25,常温,京东,自营,75.62,
2025-10-25,常温,京东,pop,3.6,
2025-10-25,常温,拼多多,多多买菜,6.59,
2025-10-25,常温,拼多多,拼多多,6.59,
2025-10-25,常温,天猫,猫超,16.04,
2025-10-25,常温,天猫,猫旗,2.82,
2025-10-25,常温,小程序及其他,小程序,0,
2025-10-25,常温,新零售,新零售,41.11,
2025-10-26,低温,京东,pop,0.82,
2025-10-26,低温,拼多多,拼多多,1.88,
2025-10-26,低温,天猫,猫超,0.53,
2025-10-26,低温,天猫,猫旗,8.97,
2025-10-26,低温,新零售,新零售,98.64,
2025-10-26,低温,京东,自营,10.4,
2025-10-26,低温,抖音,抖音,3.42,
2025-10-26,奶粉,抖音,抖音,0.93,
2025-10-26,奶粉,京东,自营,6.53,
2025-10-26,奶粉,京东,pop,0.5,
2025-10-26,奶粉,拼多多,拼多多,1.1,
2025-10-26,奶粉,天猫,猫旗,0.76,
2025-10-26,奶粉,天猫,猫超,0,
2025-10-26,常温,抖音,抖音,4.34,
2025-10-26,常温,京东,自营,71.25,
2025-10-26,常温,京东,pop,3.83,
2025-10-26,常温,拼多多,多多买菜,5.43,
2025-10-26,常温,拼多多,拼多多,5.43,
2025-10-26,常温,天猫,猫超,17.56,
2025-10-26,常温,天猫,猫旗,3.32,
2025-10-26,常温,小程序及其他,小程序,0,
2025-10-26,常温,新零售,新零售,43.28,
2025-10-27,低温,京东,pop,0.8,
2025-10-27,低温,拼多多,拼多多,1.9,
2025-10-27,低温,天猫,猫超,0.45,
2025-10-27,低温,天猫,猫旗,4.2,
2025-10-27,低温,新零售,新零售,66.47,
2025-10-27,低温,京东,自营,15.95,
2025-10-27,低温,抖音,抖音,7.21,
2025-10-27,奶粉,抖音,抖音,2.14,
2025-10-27,奶粉,京东,自营,9.29,
2025-10-27,奶粉,京东,pop,0.52,
2025-10-27,奶粉,拼多多,拼多多,1.09,
2025-10-27,奶粉,天猫,猫旗,1.49,
2025-10-27,奶粉,天猫,猫超,0,
2025-10-27,常温,抖音,抖音,4.93,
2025-10-27,常温,京东,自营,66.58,
2025-10-27,常温,京东,pop,6.44,
2025-10-27,常温,拼多多,多多买菜,8.1,
2025-10-27,常温,拼多多,拼多多,8.1,
2025-10-27,常温,天猫,猫超,15.01,
2025-10-27,常温,天猫,猫旗,3.82,
2025-10-27,常温,小程序及其他,小程序,0,
2025-10-27,常温,新零售,新零售,35.35,
2025-10-28,低温,京东,pop,0.85,
2025-10-28,低温,拼多多,拼多多,1.97,
2025-10-28,低温,天猫,猫超,0.42,
2025-10-28,低温,天猫,猫旗,3.45,
2025-10-28,低温,新零售,新零售,94.5,
2025-10-28,低温,京东,自营,10.65,
2025-10-28,低温,抖音,抖音,3.01,
2025-10-28,奶粉,抖音,抖音,2.29,
2025-10-28,奶粉,京东,自营,3.34,
2025-10-28,奶粉,京东,pop,0.82,
2025-10-28,奶粉,拼多多,拼多多,1,
2025-10-28,奶粉,天猫,猫旗,0.33,
2025-10-28,奶粉,天猫,猫超,0,
2025-10-28,常温,抖音,抖音,4.79,
2025-10-28,常温,京东,自营,79.23,
2025-10-28,常温,京东,pop,6.02,
2025-10-28,常温,拼多多,多多买菜,7.84,
2025-10-28,常温,拼多多,拼多多,7.84,
2025-10-28,常温,天猫,猫超,15.18,
2025-10-28,常温,天猫,猫旗,3.58,
2025-10-28,常温,小程序及其他,小程序,0,
2025-10-28,常温,新零售,新零售,36.46,
2025-10-29,低温,京东,pop,0.89,
2025-10-29,低温,拼多多,拼多多,1.81,
2025-10-29,低温,天猫,猫超,0.48,
2025-10-29,低温,天猫,猫旗,3.81,
2025-10-29,低温,新零售,新零售,81.23,
2025-10-29,低温,京东,自营,9.14,
2025-10-29,低温,抖音,抖音,1.02,
2025-10-29,奶粉,抖音,抖音,2.61,
2025-10-29,奶粉,京东,自营,11.12,
2025-10-29,奶粉,京东,pop,0.56,
2025-10-29,奶粉,拼多多,拼多多,1.4,
2025-10-29,奶粉,天猫,猫旗,0.64,
2025-10-29,奶粉,天猫,猫超,0,
2025-10-29,常温,抖音,抖音,5.42,
2025-10-29,常温,京东,自营,56.84,
2025-10-29,常温,京东,pop,3.7,
2025-10-29,常温,拼多多,多多买菜,6.58,
2025-10-29,常温,拼多多,拼多多,6.58,
2025-10-29,常温,天猫,猫超,13.82,
2025-10-29,常温,天猫,猫旗,4.6,
2025-10-29,常温,小程序及其他,小程序,0,
2025-10-29,常温,新零售,新零售,36.3,
2025-10-30,低温,京东,pop,0.93,
2025-10-30,低温,拼多多,拼多多,1.95,
2025-10-30,低温,天猫,猫超,0.47,
2025-10-30,低温,天猫,猫旗,4.58,
2025-10-30,低温,新零售,新零售,99.87,
2025-10-30,低温,京东,自营,22.31,
2025-10-30,低温,抖音,抖音,0.64,
2025-10-30,奶粉,抖音,抖音,2.7,
2025-10-30,奶粉,京东,自营,8.38,
2025-10-30,奶粉,京东,pop,0.24,
2025-10-30,奶粉,拼多多,拼多多,1.44,
2025-10-30,奶粉,天猫,猫旗,1.18,
2025-10-30,奶粉,天猫,猫超,0,
2025-10-30,常温,抖音,抖音,4.12,
2025-10-30,常温,京东,自营,128.11,
2025-10-30,常温,京东,pop,4.74,
2025-10-30,常温,拼多多,多多买菜,7.4,
2025-10-30,常温,拼多多,拼多多,7.4,
2025-10-30,常温,天猫,猫超,15.85,
2025-10-30,常温,天猫,猫旗,3.99,
2025-10-30,常温,小程序及其他,小程序,0,
2025-10-30,常温,新零售,新零售,35.12,
2025-10-31,低温,京东,pop,1.03,
2025-10-31,低温,拼多多,拼多多,1.95,
2025-10-31,低温,天猫,猫超,0.5,
2025-10-31,低温,天猫,猫旗,3.49,
2025-10-31,低温,新零售,新零售,76.57,
2025-10-31,低温,京东,自营,26.99,
2025-10-31,低温,抖音,抖音,5.96,
2025-10-31,奶粉,抖音,抖音,2.91,
2025-10-31,奶粉,京东,自营,9.74,
2025-10-31,奶粉,京东,pop,0.3,
2025-10-31,奶粉,拼多多,拼多多,1.02,
2025-10-31,奶粉,天猫,猫旗,1.23,
2025-10-31,奶粉,天猫,猫超,0,
2025-10-31,常温,抖音,抖音,4.4,
2025-10-31,常温,京东,自营,145.16,
2025-10-31,常温,京东,pop,4,
2025-10-31,常温,拼多多,多多买菜,6.3,
2025-10-31,常温,拼多多,拼多多,6.3,
2025-10-31,常温,天猫,猫超,26.64,
2025-10-31,常温,天猫,猫旗,3.97,
2025-10-31,常温,小程序及其他,小程序,13.28,
2025-10-31,常温,新零售,新零售,29.08,
2025-11-1,低温,京东,pop,1,
2025-11-1,低温,拼多多,拼多多,2.26,
2025-11-1,低温,天猫,猫超,0.49,
2025-11-1,低温,天猫,猫旗,3.69,
2025-11-1,低温,新零售,新零售,115.39,
2025-11-1,低温,京东,自营,24.66,
2025-11-1,低温,抖音,抖音,1.72,
2025-11-1,奶粉,抖音,抖音,3.6,
2025-11-1,奶粉,京东,自营,5.07,
2025-11-1,奶粉,京东,pop,0.17,
2025-11-1,奶粉,拼多多,拼多多,1.04,
2025-11-1,奶粉,天猫,猫旗,0.66,
2025-11-1,奶粉,天猫,猫超,0,
2025-11-1,常温,抖音,抖音,5.98,
2025-11-1,常温,京东,自营,100.16,
2025-11-1,常温,京东,pop,2.96,
2025-11-1,常温,拼多多,多多买菜,10.45,
2025-11-1,常温,拼多多,拼多多,10.45,
2025-11-1,常温,天猫,猫超,24.59,
2025-11-1,常温,天猫,猫旗,5.09,
2025-11-1,常温,小程序及其他,小程序,0,
2025-11-1,常温,新零售,新零售,39.78,
2025-11-2,低温,京东,pop,0.9,
2025-11-2,低温,拼多多,拼多多,2.05,
2025-11-2,低温,天猫,猫超,0.43,
2025-11-2,低温,天猫,猫旗,3.68,
2025-11-2,低温,新零售,新零售,94.84,
2025-11-2,低温,京东,自营,10.91,
2025-11-2,低温,抖音,抖音,1.94,
2025-11-2,奶粉,抖音,抖音,2.61,
2025-11-2,奶粉,京东,自营,2.98,
2025-11-2,奶粉,京东,pop,0.25,
2025-11-2,奶粉,拼多多,拼多多,0.74,
2025-11-2,奶粉,天猫,猫旗,0.4,
2025-11-2,奶粉,天猫,猫超,0,
2025-11-2,常温,抖音,抖音,6.65,
2025-11-2,常温,京东,自营,67.59,
2025-11-2,常温,京东,pop,4.44,
2025-11-2,常温,拼多多,多多买菜,4.04,
2025-11-2,常温,拼多多,拼多多,4.04,
2025-11-2,常温,天猫,猫超,16.45,
2025-11-2,常温,天猫,猫旗,5.58,
2025-11-2,常温,小程序及其他,小程序,0,
2025-11-2,常温,新零售,新零售,42.68,
2025-11-3,低温,京东,pop,0.66,
2025-11-3,低温,拼多多,拼多多,2.25,
2025-11-3,低温,天猫,猫超,0.49,
2025-11-3,低温,天猫,猫旗,3.84,
2025-11-3,低温,新零售,新零售,74.47,
2025-11-3,低温,京东,自营,12.68,
2025-11-3,低温,抖音,抖音,2.54,
2025-11-3,奶粉,抖音,抖音,2.7,
2025-11-3,奶粉,京东,自营,3.92,
2025-11-3,奶粉,京东,pop,0.35,
2025-11-3,奶粉,拼多多,拼多多,0.87,
2025-11-3,奶粉,天猫,猫旗,1.08,
2025-11-3,奶粉,天猫,猫超,0,
2025-11-3,常温,抖音,抖音,8.68,
2025-11-3,常温,京东,自营,101.99,
2025-11-3,常温,京东,pop,3.75,
2025-11-3,常温,拼多多,多多买菜,6.47,
2025-11-3,常温,拼多多,拼多多,6.47,
2025-11-3,常温,天猫,猫超,16.48,
2025-11-3,常温,天猫,猫旗,5.65,
2025-11-3,常温,小程序及其他,小程序,0,
2025-11-3,常温,新零售,新零售,33.72,
2025-11-4,低温,京东,pop,0.69,
2025-11-4,低温,拼多多,拼多多,2.12,
2025-11-4,低温,天猫,猫超,0.44,
2025-11-4,低温,天猫,猫旗,33.18,
2025-11-4,低温,新零售,新零售,91.5,
2025-11-4,低温,京东,自营,17.27,
2025-11-4,低温,抖音,抖音,8.81,
2025-11-4,奶粉,抖音,抖音,2.01,
2025-11-4,奶粉,京东,自营,3.93,
2025-11-4,奶粉,京东,pop,0.65,
2025-11-4,奶粉,拼多多,拼多多,1.23,
2025-11-4,奶粉,天猫,猫旗,0.81,
2025-11-4,奶粉,天猫,猫超,0,
2025-11-4,常温,抖音,抖音,6.46,
2025-11-4,常温,京东,自营,126.24,
2025-11-4,常温,京东,pop,2.92,
2025-11-4,常温,拼多多,多多买菜,7.76,
2025-11-4,常温,拼多多,拼多多,7.76,
2025-11-4,常温,天猫,猫超,14.96,
2025-11-4,常温,天猫,猫旗,5.07,
2025-11-4,常温,小程序及其他,小程序,0,
2025-11-4,常温,新零售,新零售,33.71,
2025-11-5,低温,京东,pop,15.61,
2025-11-5,低温,拼多多,拼多多,2.31,
2025-11-5,低温,天猫,猫超,0.43,
2025-11-5,低温,天猫,猫旗,93.99,
2025-11-5,低温,新零售,新零售,108.88,
2025-11-5,低温,京东,自营,29.66,
2025-11-5,低温,抖音,抖音,111.31,
2025-11-5,奶粉,抖音,抖音,1.61,
2025-11-5,奶粉,京东,自营,4.23,
2025-11-5,奶粉,京东,pop,0.11,
2025-11-5,奶粉,拼多多,拼多多,1.01,
2025-11-5,奶粉,天猫,猫旗,1.49,
2025-11-5,奶粉,天猫,猫超,0,
2025-11-5,常温,抖音,抖音,7.49,
2025-11-5,常温,京东,自营,98.89,
2025-11-5,常温,京东,pop,2.25,
2025-11-5,常温,拼多多,多多买菜,6.89,
2025-11-5,常温,拼多多,拼多多,6.89,
2025-11-5,常温,天猫,猫超,15.75,
2025-11-5,常温,天猫,猫旗,4.64,
2025-11-5,常温,小程序及其他,小程序,0,
2025-11-5,常温,新零售,新零售,32.7,
2025-11-6,低温,京东,pop,1.64,
2025-11-6,低温,拼多多,拼多多,2.12,
2025-11-6,低温,天猫,猫超,0.54,
2025-11-6,低温,天猫,猫旗,8.24,
2025-11-6,低温,新零售,新零售,88.92,
2025-11-6,低温,京东,自营,11.68,
2025-11-6,低温,抖音,抖音,9.62,
2025-11-6,奶粉,抖音,抖音,0.98,
2025-11-6,奶粉,京东,自营,3.6,
2025-11-6,奶粉,京东,pop,0.4,
2025-11-6,奶粉,拼多多,拼多多,1.05,
2025-11-6,奶粉,天猫,猫旗,1.22,
2025-11-6,奶粉,天猫,猫超,0,
2025-11-6,常温,抖音,抖音,4.89,
2025-11-6,常温,京东,自营,95.33,
2025-11-6,常温,京东,pop,2.95,
2025-11-6,常温,拼多多,多多买菜,7.84,
2025-11-6,常温,拼多多,拼多多,7.84,
2025-11-6,常温,天猫,猫超,15.68,
2025-11-6,常温,天猫,猫旗,3.75,
2025-11-6,常温,小程序及其他,小程序,0,
2025-11-6,常温,新零售,新零售,30.94,
2025-11-7,低温,京东,pop,2.13,
2025-11-7,低温,拼多多,拼多多,2.07,
2025-11-7,低温,天猫,猫超,0.48,
2025-11-7,低温,天猫,猫旗,7.52,
2025-11-7,低温,新零售,新零售,76.08,
2025-11-7,低温,京东,自营,7.43,
2025-11-7,低温,抖音,抖音,4.44,
2025-11-7,奶粉,抖音,抖音,1.64,
2025-11-7,奶粉,京东,自营,3.01,
2025-11-7,奶粉,京东,pop,0.71,
2025-11-7,奶粉,拼多多,拼多多,0.78,
2025-11-7,奶粉,天猫,猫旗,0.75,
2025-11-7,奶粉,天猫,猫超,0,
2025-11-7,常温,抖音,抖音,15.41,
2025-11-7,常温,京东,自营,57.01,
2025-11-7,常温,京东,pop,3.07,
2025-11-7,常温,拼多多,多多买菜,7.68,
2025-11-7,常温,拼多多,拼多多,7.68,
2025-11-7,常温,天猫,猫超,15.94,
2025-11-7,常温,天猫,猫旗,4.81,
2025-11-7,常温,小程序及其他,小程序,12.48,
2025-11-7,常温,新零售,新零售,28.58,
2025-11-8,低温,京东,pop,1.06,
2025-11-8,低温,拼多多,拼多多,2.12,
2025-11-8,低温,天猫,猫超,0.54,
2025-11-8,低温,天猫,猫旗,4.36,
2025-11-8,低温,新零售,新零售,97.12,
2025-11-8,低温,京东,自营,16.36,
2025-11-8,低温,抖音,抖音,4.59,
2025-11-8,奶粉,抖音,抖音,2.79,
2025-11-8,奶粉,京东,自营,4.88,
2025-11-8,奶粉,京东,pop,0.34,
2025-11-8,奶粉,拼多多,拼多多,0.88,
2025-11-8,奶粉,天猫,猫旗,1.21,
2025-11-8,奶粉,天猫,猫超,0,
2025-11-8,常温,抖音,抖音,7.05,
2025-11-8,常温,京东,自营,64.76,
2025-11-8,常温,京东,pop,4.07,
2025-11-8,常温,拼多多,多多买菜,5.42,
2025-11-8,常温,拼多多,拼多多,5.42,
2025-11-8,常温,天猫,猫超,19.17,
2025-11-8,常温,天猫,猫旗,6.24,
2025-11-8,常温,小程序及其他,小程序,0,
2025-11-8,常温,新零售,新零售,42.92,
2025-11-9,低温,京东,pop,1.44,
2025-11-9,低温,拼多多,拼多多,2.19,
2025-11-9,低温,天猫,猫超,0.65,
2025-11-9,低温,天猫,猫旗,5.29,
2025-11-9,低温,新零售,新零售,81.53,
2025-11-9,低温,京东,自营,65.4,
2025-11-9,低温,抖音,抖音,4,
2025-11-9,奶粉,抖音,抖音,3.53,
2025-11-9,奶粉,京东,自营,6.64,
2025-11-9,奶粉,京东,pop,0.17,
2025-11-9,奶粉,拼多多,拼多多,2.19,
2025-11-9,奶粉,天猫,猫旗,0.7,
2025-11-9,奶粉,天猫,猫超,0,
2025-11-9,常温,抖音,抖音,6.81,
2025-11-9,常温,京东,自营,118.98,
2025-11-9,常温,京东,pop,8.25,
2025-11-9,常温,拼多多,多多买菜,6.3,
2025-11-9,常温,拼多多,拼多多,6.3,
2025-11-9,常温,天猫,猫超,18.33,
2025-11-9,常温,天猫,猫旗,6.72,
2025-11-9,常温,小程序及其他,小程序,0,
2025-11-9,常温,新零售,新零售,42.18,
2025-11-10,低温,京东,pop,1.87,
2025-11-10,低温,拼多多,拼多多,2.74,
2025-11-10,低温,天猫,猫超,0.65,
2025-11-10,低温,天猫,猫旗,9.98,
2025-11-10,低温,新零售,新零售,64.12,
2025-11-10,低温,京东,自营,83.43,
2025-11-10,低温,抖音,抖音,5.62,
2025-11-10,奶粉,抖音,抖音,4.93,
2025-11-10,奶粉,京东,自营,8.09,
2025-11-10,奶粉,京东,pop,0.25,
2025-11-10,奶粉,拼多多,拼多多,2.69,
2025-11-10,奶粉,天猫,猫旗,3.06,
2025-11-10,奶粉,天猫,猫超,0,
2025-11-10,常温,抖音,抖音,7.02,
2025-11-10,常温,京东,自营,216.67,
2025-11-10,常温,京东,pop,6.19,
2025-11-10,常温,拼多多,多多买菜,20.24,
2025-11-10,常温,拼多多,拼多多,20.24,
2025-11-10,常温,天猫,猫超,31.25,
2025-11-10,常温,天猫,猫旗,7.45,
2025-11-10,常温,小程序及其他,小程序,0,
2025-11-10,常温,新零售,新零售,33.01,
2025-11-11,低温,京东,pop,3.07,
2025-11-11,低温,拼多多,拼多多,2.69,
2025-11-11,低温,天猫,猫超,0.98,
2025-11-11,低温,天猫,猫旗,10.15,
2025-11-11,低温,新零售,新零售,89.02,
2025-11-11,低温,京东,自营,97.16,
2025-11-11,低温,抖音,抖音,4.29,
2025-11-11,奶粉,抖音,抖音,11.65,
2025-11-11,奶粉,京东,自营,20.85,
2025-11-11,奶粉,京东,pop,1.89,
2025-11-11,奶粉,拼多多,拼多多,2.94,
2025-11-11,奶粉,天猫,猫旗,3.15,
2025-11-11,奶粉,天猫,猫超,0,
2025-11-11,常温,抖音,抖音,8.9,
2025-11-11,常温,京东,自营,282.6,
2025-11-11,常温,京东,pop,12.75,
2025-11-11,常温,拼多多,多多买菜,16.85,
2025-11-11,常温,拼多多,拼多多,16.85,
2025-11-11,常温,天猫,猫超,54.25,
2025-11-11,常温,天猫,猫旗,11.43,
2025-11-11,常温,小程序及其他,小程序,0,
2025-11-11,常温,新零售,新零售,55.77,